,단어,품사,점수
0,강원도,N,0
1,속초,N,0
2,활기,N,2
3,회의,N,0
4,해조류,N,0
5,검은깨,N,0
6,오징어순대,N,0
7,확보,N,0
8,붐비다,V,0
9,읽다,V,0
10,동명항,N,0
11,아몬드,N,0
12,여성,N,0
13,살아나다,V,0
14,당도,N,0
15,두껍다,V,0
16,진미,N,0
17,날림,N,0
18,살집,N,0
19,적잖다,V,1
20,해산물,N,0
21,원산지,N,0
22,띵하다,V,0
23,크나크다,V,1
24,방울,N,0
25,열쇠,N,0
26,소면,N,0
27,돌멩이,N,0
28,소라,N,0
29,리알,N,0
30,폭넓다,V,0
31,가열,N,0
32,완성,N,0
33,녹두,N,0
34,현수막,N,0
35,먹이다,V,0
36,도구,N,0
37,생선,N,0
38,씹다,V,0
39,하이라이트,N,0
40,달라붙다,V,0
41,손색,N,0
42,윗부분,N,0
43,맞닿다,V,0
44,밑간,N,0
45,다지다,V,0
46,퍼먹다,V,0
47,떠먹다,V,0
48,미역국,N,0
49,게딱지,N,0
50,앞니,N,0
51,단박,N,0
52,부대끼다,V,0
53,분량,N,0
54,뽑아내다,V,0
55,발견,N,0
56,게찜,N,0
57,시리다,V,0
58,담그다,V,0
59,액체,N,0
60,스미다,V,0
61,쌀밥,N,0
62,흔하다,V,-1
63,감자,N,0
64,진하다,V,1
65,끈적거리다,V,-1
66,싱그럽다,V,2
67,토속,N,0
68,설탕,N,0
69,녹장,N,0
70,배정,N,0
71,퍼지다,V,0
72,자아내다,V,0
73,구미,N,0
74,전분,N,0
75,식전,N,0
76,길다랗다,V,0
77,놀라워하다,V,1
78,말랑,N,0
79,이색,N,0
80,분과,N,0
81,가라앉다,V,0
82,앙금,N,0
83,요리,N,0
84,양배추,N,0
85,푸드,N,0
86,채우다,V,0
87,감싸다,V,0
88,차디차다,V,0
89,드러나다,V,0
90,기우,N,0
91,담음,N,0
92,진진,N,0
93,영랑,N,0
94,옆구리,N,0
95,안다,V,0
96,으깨다,V,0
97,향의,N,0
98,손질,N,0
99,덕분,N,0
100,빻다,V,0
101,집다,V,0
102,샛노랗다,V,0
103,자극,N,0
104,구석구석,N,0
105,찌르다,V,0
106,호박,N,0
107,삭다,V,0
108,의도,N,0
109,가루,N,0
110,실감,N,0
111,노랗다,V,0
112,세척,N,0
113,살점,N,0
114,신선도,N,2
115,몸통,N,0
116,다리,N,0
117,안심,N,0
118,무의,N,0
119,집게발,N,0
120,메이다,V,0
121,각인,N,0
122,달래다,V,0
123,두께,N,0
124,무침,N,0
125,의자,N,0
126,호박죽,N,0
127,드레싱,N,0
128,새빨갛다,V,0
129,완두콩,N,0
130,돋보이다,V,2
131,채소,N,0
132,장판,N,0
133,방지,N,0
134,고루,N,0
135,빼앗기다,V,0
136,기쁨,N,2
137,흡족,N,0
138,꾸미다,V,0
139,뽀얗다,V,0
140,피하다,V,0
141,줄이다,V,0
142,졸이다,V,0
143,부서지다,V,0
144,배다,V,0
145,금정,N,0
146,엷다,V,0
147,끓이다,V,0
148,갈다,V,0
149,물론,N,0
150,떫다,V,-2
151,물엿,N,0
152,인용,N,0
153,파악,N,0
154,농가,N,0
155,풋내,N,0
156,원래,N,0
157,놀랍다,V,1
158,물회,N,0
159,초록빛,N,0
160,고춧가루,N,0
161,짐작,N,0
162,튀기다,V,0
163,불쾌,N,-2
164,메리트,N,2
165,감탄,N,2
166,육수,N,0
167,흐트러지다,V,0
168,벗겨지다,V,0
169,멈추다,V,0
170,갇히다,V,0
171,금하다,V,-1
172,기호,N,0
173,뿌리,N,0
174,찰기,N,0
175,스프,N,0
176,들여오다,V,0
177,국산,N,0
178,바닥,N,0
179,탄탄,N,0
180,후식,N,0
181,육즙,N,0
182,참기름,N,0
183,감자떡,N,0
184,통신,N,0
185,칼로리,N,0
186,인심,N,2
187,옥수수,N,0
188,알알,N,0
189,비우다,V,0
190,감기다,V,0
191,반갑다,V,2
192,유용,N,2
193,뭉치다,V,0
194,색다르다,V,2
195,향미,N,0
196,숙회,N,0
197,조리,N,0
198,번거롭다,V,-2
199,일품,N,2
200,물질,N,0
201,해초,N,0
202,한식,N,0
203,점심때,N,0
204,숟가락,N,0
205,고이다,V,0
206,군침,N,2
207,한입,N,0
208,달려가다,V,0
209,찢기다,V,0
210,치알,N,0
211,섭취,N,0
212,멍게,N,0
213,고풍,N,0
214,반죽,N,0
215,약관,N,0
216,일석이조,N,2
217,내장,N,0
218,밥알,N,0
219,미역,N,0
220,낙지젓,N,0
221,보드랍다,V,2
222,긁어내다,V,0
223,머릿속,N,0
224,전채,N,0
225,이재홍,N,0
226,커뮤니케이션,N,0
227,값싸다,V,2
228,소문나다,V,1
229,가위,N,0
230,머금다,V,0
231,완제품,N,0
232,무게,N,0
233,재료,N,0
234,수분,N,0
235,소화,N,0
236,향토,N,0
237,가닥가닥,N,0
238,강점,N,2
239,손쉽다,V,2
240,매료,N,0
241,젓갈,N,0
242,포크,N,0
243,호호,N,0
244,건포도,N,0
245,입식,N,0
246,등딱지,N,0
247,통째,N,0
248,흥미,N,0
249,쓴맛,N,0
250,풀리다,V,0
251,실수,N,0
252,오롯,N,0
253,길잡이,N,0
254,부수다,V,0
255,메추,N,0
256,택하다,V,0
257,뿌리다,V,0
258,식초,N,0
259,뱃속,N,0
260,구멍,N,0
261,비틀어지다,V,0
262,식후,N,0
263,건더기,N,0
264,날아가다,V,0
265,볶다,V,0
266,기성,N,0
267,식욕,N,0
268,당기다,V,0
269,붙다,V,0
270,물기,N,0
271,쑤다,V,0
272,긁다,V,0
273,얇다,V,0
274,끼얹다,V,0
275,특색,N,2
276,참깨,N,0
277,쪄내다,V,0
278,비리다,V,-2
279,비린내,N,-2
280,냉기,N,0
281,스펙트럼,N,0
282,견주다,V,0
283,밀다,V,0
284,넘기다,V,0
285,반가움,N,2
286,조미료,N,0
287,감칠맛,N,2
288,아래층,N,0
289,정서,N,0
290,식히다,V,0
291,어종,N,0
292,우러나오다,V,0
293,삶다,V,0
294,깊다,V,0
295,별다르다,V,1
296,게살,N,0
297,삼키다,V,0
298,번지다,V,0
299,식감,N,0
300,총각,N,0
301,먼지,N,0
302,붙이다,V,0
303,오징어,N,0
304,주식회사,N,0
305,낙지,N,0
306,거하다,V,0
307,풍미,N,2
308,키위,N,0
309,뒤이다,V,0
310,물량,N,0
311,살수,N,0
312,박히다,V,0
313,열무,N,0
314,신발,N,0
315,연중무휴,N,1
316,자박,N,0
317,마요네즈,N,0
318,유리창,N,0
319,영리,N,0
320,임팩트,N,0
321,흡수,N,0
322,간장,N,0
323,색깔,N,0
324,빼내다,V,0
325,소금,N,0
326,살얼음,N,0
327,식기,N,0
328,맵짜다,V,0
329,위생,N,1
330,매체,N,0
331,레이팅,N,0
332,서브,N,0
333,풍기다,V,0
334,계란,N,0
335,활기차다,V,2
336,내음,N,0
337,초장,N,0
338,냉장고,N,0
339,맵다,V,-1
340,얹다,V,0
341,채취,N,0
342,해풍,N,0
343,고추,N,0
344,기름,N,0
345,신기,N,0
346,한기,N,0
347,가짓수,N,0
348,밀가루,N,0
349,감동,N,2
350,뒤쪽,N,0
351,충격,N,-1
352,마자,N,0
353,엿보이다,V,0
354,부착,N,0
355,판국,N,0
356,깨물다,V,0
357,아이디어,N,0
358,영금,N,0
359,늙다,V,0
360,단맛,N,2
361,방식,N,0
362,뇌리,N,0
363,회전율,N,0
364,오득,N,0
365,생물,N,0
366,차오르다,V,0
367,고구마,N,0
368,꺼내다,V,0
369,슬로우,N,0
370,취급,N,0
371,손잡이,N,0
372,우려내다,V,0
373,서리다,V,0
374,순하다,V,1
375,내주다,V,0
376,씹히다,V,0
377,서두르다,V,0
378,최소,N,-1
379,연령,N,0
380,줄지다,V,0
381,뒤따르다,V,0
382,당근,N,0
383,공급,N,0
384,밥상,N,0
385,인지,N,0
386,나무라다,V,0
387,음미,N,2
388,질기다,V,0
389,텃세,N,0
390,엘사,N,0
391,예분,N,0
392,지파,N,0
393,령신,N,0
394,時節,N,0
395,숨기다,V,0
396,울타리,N,0
397,맡다,V,0
398,서로,N,0
399,성실,N,2
400,고치다,V,0
401,도약,N,0
402,그르치다,V,-2
403,뉘우치다,V,0
404,나그네,N,0
405,금지,N,-2
406,일체,N,0
407,글월,N,0
408,해원,N,0
409,목사,N,0
410,선행,N,0
411,상도,N,0
412,기리다,V,0
413,통한,N,0
414,기초,N,0
415,내왕,N,0
416,방면,N,0
417,자비,N,0
418,곡동,N,0
419,신임,N,0
420,벼슬,N,0
421,태극,N,0
422,도로포장,N,0
423,요지부동,N,0
424,부정,N,0
425,스승,N,0
426,무궁무진,N,2
427,군수,N,0
428,너다,V,0
429,조절,N,0
430,모순,N,-1
431,덜다,V,0
432,사바세계,N,0
433,집단,N,0
434,조락,N,0
435,흔드다,V,0
436,퍼뜨리다,V,0
437,구원,N,0
438,고을,N,0
439,살아가다,V,0
440,느다,V,0
441,갈망,N,1
442,삼가다,V,0
443,허무,N,-2
444,거다,V,0
445,미국,N,0
446,두채,N,0
447,순진,N,1
448,즐거워하다,V,2
449,받들다,V,0
450,사사롭다,V,0
451,리회,N,0
452,임금,N,0
453,지껄이다,V,0
454,상대,N,0
455,앞길,N,0
456,재세,N,0
457,들끓다,V,0
458,광진교,N,0
459,해수욕객,N,0
460,천성,N,0
461,훼손,N,-2
462,동요,N,0
463,늘리다,V,0
464,천기,N,0
465,베푸다,V,0
466,인격,N,0
467,우두머리,N,0
468,나라,N,0
469,전달,N,0
470,어른,N,0
471,화천,N,0
472,트다,V,0
473,태도,N,0
474,어그러지다,V,-1
475,기독교,N,0
476,못사다,V,0
477,명령,N,0
478,우주,N,0
479,정직,N,1
480,근원,N,0
481,스스로,N,0
482,주가,N,0
483,받침대,N,0
484,연수원,N,0
485,모자라다,V,0
486,연수생,N,0
487,도인,N,0
488,듣다,V,0
489,변화,N,0
490,사사,N,0
491,통달,N,0
492,실지,N,0
493,전부,N,0
494,드러내다,V,0
495,분부,N,0
496,공허,N,-1
497,붙들리다,V,0
498,생기,N,2
499,그릇,N,0
500,명대,N,0
501,설악산,N,0
502,근심,N,-2
503,넓히다,V,1
504,윤리,N,1
505,약간,N,0
506,짜이다,V,0
507,바쁘다,V,-2
508,연수,N,0
509,죽이다,V,0
510,적도,N,0
511,先生,N,0
512,원한,N,-2
513,거여,N,0
514,접촉,N,0
515,시봉,N,0
516,차갑다,V,0
517,행적,N,0
518,너그럽다,V,1
519,충실,N,1
520,의통,N,0
521,외지다,V,-1
522,아무렇다,V,0
523,무극,N,0
524,마음먹다,V,0
525,썩다,V,0
526,명분,N,0
527,호장,N,0
528,덕화,N,0
529,굶주리다,V,-2
530,끼이다,V,0
531,빌다,V,0
532,중체,N,0
533,통치,N,0
534,단련,N,0
535,화해다,V,0
536,얽다,V,0
537,불통,N,0
538,일삼다,V,0
539,신혼,N,2
540,등급,N,0
541,남부,N,0
542,길손,N,0
543,증원,N,0
544,힘차다,V,2
545,곧다,V,0
546,닦다,V,0
547,스릴,N,1
548,의견,N,0
549,시기,N,0
550,흐름,N,0
551,교만,N,0
552,겪다,V,0
553,배우,N,0
554,출신,N,0
555,셈하다,V,0
556,궂다,V,-1
557,변통,N,0
558,만물,N,0
559,만나,N,0
560,대순,N,0
561,섬기다,V,0
562,충동,N,-1
563,거울삼다,V,0
564,어기다,V,0
565,임원,N,0
566,공민학교,N,0
567,해수욕,N,0
568,인간,N,0
569,추구,N,0
570,살리다,V,0
571,응하다,V,0
572,배반,N,-2
573,평정,N,2
574,웃음,N,2
575,타고나다,V,2
576,지혜,N,2
577,독차지,N,-1
578,차가우다,V,0
579,파리,N,0
580,절단나다,V,0
581,선교,N,0
582,하느님,N,0
583,도량,N,0
584,도심지,N,0
585,벼슬아치,N,0
586,소유,N,0
587,관리,N,1
588,낳다,V,0
589,저축,N,1
590,합덕,N,0
591,무기,N,0
592,只今,N,0
593,밉다,V,-2
594,방해,N,-2
595,낙원,N,0
596,벌이,N,0
597,떠맡다,V,0
598,배우다,V,0
599,도리,N,0
600,어맨다,N,0
601,진리,N,0
602,사하,N,0
603,제위,N,0
604,후세,N,0
605,각지,N,0
606,거두,N,0
607,단독,N,0
608,더위,N,0
609,수레,N,0
610,진술,N,0
611,익히다,V,0
612,영토,N,0
613,망각,N,0
614,온기,N,2
615,어긋나다,V,-2
616,以後,N,0
617,기인,N,0
618,불화,N,-2
619,교제,N,0
620,내가,N,0
621,몸뚱이,N,0
622,계승,N,0
623,여기다,V,0
624,도래,N,0
625,동해,N,0
626,요구,N,0
627,임진,N,0
628,걸린,N,0
629,결단,N,0
630,오차,N,0
631,구별,N,0
632,벌이다,V,0
633,주동자,N,0
634,우편배달부,N,0
635,기운,N,0
636,우대,N,2
637,사귀다,V,0
638,가마솥,N,0
639,잇다,V,0
640,수양,N,0
641,젊다,V,1
642,나아가다,V,0
643,강릉,N,0
644,제어,N,0
645,거처,N,0
646,말리다,V,0
647,우편물,N,0
648,산신,N,0
649,엿보다,V,0
650,은혜,N,2
651,힘쓰다,V,1
652,선명,N,0
653,신데,N,0
654,얘기,N,0
655,자처,N,0
656,장소,N,0
657,보살피다,V,0
658,올림픽,N,0
659,사람됨,N,0
660,뒤떨어지다,V,-2
661,어린애,N,0
662,체득,N,0
663,웃다,V,2
664,공략,N,0
665,야만,N,0
666,변천,N,0
667,통괄,N,0
668,믿음,N,0
669,살리,N,0
670,책임,N,0
671,통일교,N,0
672,아냐다,V,0
673,다스리다,V,0
674,제사,N,0
675,시대,N,0
676,대로,N,0
677,더럽다,V,-2
678,연분,N,0
679,낮추다,V,0
680,以上,N,0
681,종단,N,0
682,사욕,N,0
683,어려움,N,-2
684,약하다,V,0
685,다다르다,V,0
686,뒤서다,V,0
687,인솔자,N,0
688,다니,N,0
689,임하다,V,0
690,궁리,N,0
691,화하,N,0
692,전하,N,0
693,물결치다,V,0
694,일평생,N,0
695,신명,N,0
696,업신여기다,V,-2
697,태어나다,V,0
698,화평,N,0
699,태극도,N,0
700,천호동,N,0
701,끊다,V,0
702,금괴,N,0
703,운명,N,2
704,우다,V,0
705,들이다,V,0
706,도통,N,0
707,연관,N,0
708,지나치다,V,-1
709,生角,N,0
710,계속,N,0
711,본질,N,0
712,신문,N,0
713,본성,N,0
714,그해,N,0
715,상해,N,0
716,조판,N,0
717,값있다,V,0
718,주관,N,0
719,유도,N,0
720,번갈다,V,0
721,백성,N,0
722,원리,N,0
723,집안,N,0
724,몰려오다,V,0
725,교설,N,0
726,한정,N,0
727,빈틈,N,0
728,신도,N,0
729,언급,N,0
730,쇠하다,V,0
731,중지,N,0
732,기쁘다,V,2
733,도다,V,0
734,그달,N,0
735,학식,N,0
736,천지,N,0
737,時代,N,0
738,부전선,N,0
739,설계,N,0
740,권하다,V,0
741,억수,N,0
742,지어,N,0
743,원죄,N,0
744,상부상조,N,0
745,매기다,V,0
746,관원,N,0
747,껍질,N,0
748,미리,N,0
749,世界,N,0
750,무느다,V,0
751,버릇,N,0
752,밟다,V,0
753,논란,N,-2
754,살피,N,0
755,심중,N,0
756,가르치다,V,0
757,벗기다,V,0
758,본전,N,0
759,선비,N,0
760,제한,N,-1
761,국민학교,N,0
762,必要,N,0
763,기도,N,0
764,해치다,V,-2
765,헤아리다,V,0
766,막다,V,0
767,군인,N,0
768,스리,N,0
769,아끼다,V,1
770,들어서다,V,0
771,민간,N,0
772,궁구,N,0
773,유선,N,0
774,하나님,N,0
775,바로잡다,V,1
776,감천,N,0
777,형무소,N,0
778,체계,N,0
779,한하다,V,0
780,꺽다,V,0
781,중곡,N,0
782,맡기다,V,0
783,표명,N,0
784,거짓,N,-2
785,쏟아지다,V,0
786,뻗다,V,0
787,직분,N,0
788,파란,N,0
789,감정,N,0
790,설명,N,0
791,죽다,V,-1
792,견학,N,2
793,우거지다,V,0
794,거느리다,V,0
795,원통,N,0
796,달하다,V,0
797,부합,N,2
798,삼가,N,0
799,짐승,N,0
800,안통,N,0
801,대도,N,0
802,대진,N,0
803,실재,N,0
804,병원,N,0
805,불교,N,0
806,동류,N,0
807,분별,N,0
808,진경,N,0
809,실력,N,2
810,드리,N,0
811,가리키다,V,0
812,일률,N,0
813,양육,N,0
814,오행,N,0
815,무고,N,0
816,베다,V,0
817,생사,N,0
818,쓰라리다,V,-1
819,장애,N,0
820,성전,N,0
821,넘어서다,V,1
822,도덕,N,0
823,법도,N,0
824,속이다,V,-1
825,힐난,N,0
826,베풀다,V,2
827,큰일,N,0
828,피서,N,0
829,운반,N,0
830,끝나다,V,0
831,당사자,N,0
832,꺾다,V,0
833,친하다,V,2
834,종사,N,0
835,위협,N,-2
836,위세,N,0
837,치성,N,0
838,즉시,N,0
839,위패,N,0
840,곡식,N,0
841,유감,N,-1
842,부러지다,V,0
843,지탱,N,0
844,포천,N,0
845,영도,N,0
846,신인,N,0
847,묶다,V,0
848,겸손,N,1
849,성심,N,0
850,향하,N,0
851,관계,N,0
852,위하,N,0
853,영남,N,0
854,월급,N,0
855,번식,N,0
856,도수,N,0
857,들어주다,V,0
858,일주일,N,0
859,판명,N,0
860,관례,N,0
861,견디다,V,1
862,슬퍼하다,V,-2
863,겁재,N,0
864,아랫사람,N,0
865,대립,N,0
866,지난날,N,0
867,감방,N,0
868,여주,N,0
869,울음,N,0
870,바르,N,0
871,아니하다,V,-2
872,배웅,N,0
873,줄기,N,0
874,더럽히다,V,-2
875,알리,N,0
876,예절,N,1
877,상제,N,0
878,혈맥,N,0
879,세우,N,0
880,신하,N,0
881,기틀,N,0
882,선감,N,0
883,허물,N,0
884,닿다,V,0
885,발자취,N,0
886,풍작,N,0
887,형국,N,0
888,야영,N,0
889,기질,N,0
890,일으키다,V,0
891,행하다,V,0
892,자신감,N,1
893,운로,N,0
894,깨달다,V,0
895,닮다,V,0
896,대범,N,0
897,교화,N,0
898,원망,N,0
899,의지,N,0
900,물색,N,0
901,段階,N,0
902,위주,N,0
903,시체,N,0
904,밤중,N,0
905,統一,N,0
906,축미,N,0
907,주되다,V,0
908,본받다,V,0
909,논하다,V,0
910,감응,N,0
911,바탕,N,0
912,다투다,V,-1
913,工夫,N,0
914,정산,N,0
915,인세,N,0
916,개똥,N,0
917,실상,N,0
918,접근,N,0
919,주동,N,0
920,축대,N,0
921,수도장,N,0
922,전파,N,0
923,굽히다,V,0
924,걸리,N,0
925,녹봉,N,0
926,요동,N,0
927,찧다,V,0
928,형벌,N,0
929,은총,N,0
930,질서,N,0
931,떨다,V,0
932,포덕,N,0
933,잇닿다,V,0
934,가늠,N,0
935,영대,N,0
936,마음속,N,0
937,서지,N,0
938,둥글다,V,0
939,꺼리,N,0
940,상생,N,0
941,번성,N,0
942,공변되다,V,0
943,대수롭다,V,0
944,고서,N,0
945,없애다,V,-1
946,만인,N,0
947,버리,N,0
948,아무것,N,0
949,종교,N,0
950,간사,N,0
951,봉강,N,0
952,재앙,N,-2
953,무릅쓰다,V,0
954,몰다,V,0
955,근래,N,0
956,의하다,V,0
957,병들다,V,-2
958,가로막다,V,0
959,육군,N,0
960,그늘지다,V,0
961,오로지,N,0
962,선진국,N,0
963,自信,N,0
964,신령,N,0
965,견해,N,0
966,가엽다,V,-1
967,중곡동,N,0
968,떨어뜨리다,V,0
969,장만,N,1
970,자아,N,0
971,적합,N,2
972,터놓다,V,0
973,재능,N,0
974,관장,N,0
975,부르짖다,V,0
976,행하,N,0
977,감내,N,0
978,속박,N,0
979,재물,N,0
980,수련,N,0
981,단나,N,0
982,지장,N,0
983,망리,N,0
984,모방,N,0
985,지위,N,0
986,염두,N,0
987,통하,N,0
988,연줄,N,0
989,수효,N,0
990,비와,N,0
991,세관,N,0
992,벗다,V,0
993,상하,N,0
994,다투,N,0
995,울면,N,0
996,참배,N,0
997,형상,N,0
998,악인,N,0
999,쳐들다,V,0
1000,종파,N,0
1001,천지운기,N,0
1002,빼앗다,V,-1
1003,가리,N,0
1004,공적,N,0
1005,위로,N,0
1006,묻다,V,0
1007,그만두다,V,-1
1008,이론,N,0
1009,現在,N,0
1010,물결,N,0
1011,제기,N,0
1012,한편,N,0
1013,내치,N,0
1014,탐구,N,0
1015,하소연,N,0
1016,늘어나다,V,0
1017,주거,N,0
1018,자산관리,N,0
1019,到着,N,0
1020,到達,N,0
1021,겹치다,V,0
1022,중단,N,-1
1023,감화,N,0
1024,위엄,N,0
1025,선조,N,0
1026,조직,N,0
1027,임한,N,0
1028,선각,N,0
1029,수긍,N,0
1030,금년,N,0
1031,理解,N,0
1032,화하다,V,0
1033,똑같다,V,0
1034,추기,N,0
1035,운기,N,0
1036,준수,N,0
1037,상하다,V,0
1038,포감,N,0
1039,대기,N,0
1040,술책,N,0
1041,기리키다,V,0
1042,내수,N,0
1043,꾀하다,V,0
1044,공물,N,0
1045,사라지,N,0
1046,영험,N,0
1047,공부방,N,0
1048,반대,N,0
1049,끼치다,V,0
1050,사라지다,V,0
1051,하나,N,0
1052,동일,N,0
1053,선령,N,0
1054,별일,N,0
1055,고용,N,0
1056,아버지,N,0
1057,시신,N,0
1058,농사,N,0
1059,어수선,N,0
1060,화합,N,2
1061,내정,N,0
1062,중생,N,0
1063,연하다,V,0
1064,생부,N,0
1065,소식,N,0
1066,기금,N,0
1067,봉급,N,0
1068,판가름,N,0
1069,더하다,V,0
1070,서투르다,V,0
1071,화해,N,0
1072,피하,N,0
1073,가르침,N,0
1074,일컬다,V,0
1075,宗敎,N,0
1076,유공자,N,0
1077,부패,N,0
1078,이어받다,V,0
1079,돌이키다,V,0
1080,헌병,N,0
1081,교감,N,0
1082,국립,N,0
1083,성장,N,2
1084,민족,N,0
1085,고해,N,0
1086,감독,N,0
1087,관습,N,0
1088,고르다,V,0
1089,뱃머리,N,0
1090,규정,N,0
1091,도주,N,0
1092,음양,N,0
1093,입히다,V,0
1094,보이,N,0
1095,유행,N,1
1096,불어,N,0
1097,깨우치다,V,0
1098,귀신,N,0
1099,이치,N,0
1100,파란곡절,N,0
1101,산다,N,0
1102,현혹,N,0
1103,뒤섞이다,V,0
1104,씻다,V,0
1105,事實,N,0
1106,선생,N,0
1107,범하다,V,0
1108,통솔,N,0
1109,괴롭다,V,-2
1110,오랫동안,N,0
1111,끌어들이다,V,0
1112,기세,N,0
1113,입도,N,0
1114,한가,N,2
1115,쫓다,V,0
1116,겨레,N,0
1117,활동력,N,0
1118,공부,N,0
1119,홍보,N,0
1120,過程,N,0
1121,자비심,N,0
1122,과녁,N,0
1123,일컫다,V,0
1124,돈벌이,N,0
1125,토하,N,0
1126,손해,N,-2
1127,받아들이다,V,0
1128,형체,N,0
1129,썬더,N,0
1130,사먹다,V,0
1131,완비,N,0
1132,스크린,N,0
1133,어미,N,0
1134,대형,N,0
1135,다이어트,N,0
1136,축구,N,0
1137,어마,N,0
1138,교환,N,0
1139,이렇다,V,0
1140,추자도,N,0
1141,깨닫다,V,0
1142,서리,N,0
1143,종아리,N,0
1144,바보,N,-1
1145,슬럼프,N,-2
1146,저하,N,0
1147,맴돌다,V,0
1148,최선,N,2
1149,가리다,V,0
1150,생황,N,0
1151,원인,N,0
1152,물놀,N,0
1153,붉다,V,0
1154,문섬,N,0
1155,취득,N,0
1156,정차,N,0
1157,나아지다,V,0
1158,권태,N,0
1159,몸부림,N,0
1160,용품,N,0
1161,조족지혈,N,0
1162,시시각각,N,0
1163,세월,N,0
1164,셔터,N,0
1165,욕실,N,0
1166,이지만,N,0
1167,습관,N,0
1168,파랗다,V,0
1169,메디안,N,0
1170,억새,N,0
1171,회수,N,0
1172,인양,N,0
1173,시달리다,V,0
1174,왼편,N,0
1175,자신,N,0
1176,피다,V,0
1177,이마트,N,0
1178,잊다,V,0
1179,짜증,N,0
1180,라이센스,N,0
1181,이기다,V,0
1182,청소,N,0
1183,방문자,N,0
1184,하룻밤,N,0
1185,서다,V,0
1186,계절,N,0
1187,친정,N,0
1188,무기력감,N,-1
1189,나들이,N,0
1190,생신,N,0
1191,블로거,N,0
1192,농로,N,0
1193,메밀밭,N,0
1194,자동,N,0
1195,교통지옥,N,0
1196,찾아오다,V,0
1197,내림,N,0
1198,가급적,N,0
1199,왼쪽,N,0
1200,우물,N,0
1201,경험담,N,0
1202,순수,N,2
1203,결론,N,0
1204,희소식,N,2
1205,무기력증,N,-2
1206,덥다,V,-1
1207,깔리다,V,0
1208,따름,N,0
1209,단골집,N,0
1210,깔때기,N,0
1211,수단,N,0
1212,불편,N,-2
1213,다이소,N,0
1214,잃다,V,0
1215,방송,N,0
1216,연락,N,0
1217,오가다,V,0
1218,잠수병,N,0
1219,취미,N,0
1220,안부,N,0
1221,심정,N,0
1222,고갈,N,0
1223,잔치,N,2
1224,고마움,N,2
1225,폭염,N,0
1226,간과,N,-1
1227,테우,N,0
1228,천만다행,N,1
1229,도동,N,0
1230,허덕이다,V,0
1231,프라그,N,0
1232,향수병,N,-1
1233,지랑,N,0
1234,장농,N,0
1235,매연,N,0
1236,실망감,N,-2
1237,차단,N,0
1238,쉬엄,N,0
1239,와중,N,0
1240,삭제,N,0
1241,메세지,N,0
1242,수준,N,0
1243,위험,N,-2
1244,귀찮다,V,-2
1245,눈높이,N,0
1246,노력,N,2
1247,과소비,N,-1
1248,회복,N,1
1249,로그인,N,0
1250,드라이브,N,0
1251,바뀌다,V,0
1252,피로감,N,-2
1253,방전,N,-2
1254,소지,N,0
1255,만사,N,0
1256,회의감,N,0
1257,주인,N,0
1258,드물다,V,0
1259,차로,N,0
1260,이슈,N,1
1261,여름,N,0
1262,거위,N,0
1263,앵무새,N,0
1264,개구리,N,0
1265,쪽지,N,0
1266,강남,N,0
1267,이섬,N,0
1268,치약,N,0
1269,기능,N,0
1270,오른쪽,N,0
1271,다이빙,N,0
1272,거북,N,0
1273,추석날,N,0
1274,스킨,N,0
1275,순조,N,2
1276,공개,N,0
1277,잘다,V,0
1278,주일,N,0
1279,애견,N,0
1280,연고,N,0
1281,새별,N,0
1282,이추,N,0
1283,차안,N,0
1284,단풍,N,0
1285,방치,N,0
1286,유명세,N,1
1287,수도,N,0
1288,발달,N,0
1289,공원묘지,N,0
1290,고속도,N,0
1291,제습,N,0
1292,누르다,V,0
1293,맑다,V,2
1294,스쿠버,N,0
1295,스트레스,N,-2
1296,스포츠,N,0
1297,외로움,N,-2
1298,뽑다,V,0
1299,초심,N,0
1300,바베큐,N,0
1301,어쩌다,V,0
1302,부여,N,0
1303,인연,N,2
1304,과부하,N,-2
1305,모셔야다,V,0
1306,타지,N,0
1307,반면,N,0
1308,시비,N,-2
1309,해야다,V,0
1310,걸때,N,0
1311,캠핑,N,0
1312,합하다,V,0
1313,잡아가다,V,0
1314,섶섬,N,0
1315,기스,N,0
1316,애완,N,0
1317,누비다,V,0
1318,일도동,N,0
1319,엄마,N,2
1320,안티,N,-2
1321,다래끼,N,0
1322,묵히다,V,0
1323,강습,N,0
1324,이호,N,0
1325,열정,N,2
1326,밝히다,V,0
1327,손가락,N,0
1328,오로라,N,0
1329,라젤,N,0
1330,영양제,N,0
1331,선팔,N,0
1332,풀칼,N,0
1333,부탁,N,0
1334,패디,N,0
1335,데일리,N,0
1336,약변,N,0
1337,부탁드리다,V,0
1338,칼라,N,0
1339,답장,N,0
1340,양해,N,1
1341,오버레이,N,0
1342,신데렐라,N,0
1343,파우더,N,0
1344,바르다,V,0
1345,니트,N,0
1346,유광,N,0
1347,예뿌다,V,2
1348,현아,N,0
1349,무진장,N,0
1350,투척,N,0
1351,폭포,N,0
1352,디저트,N,0
1353,허브,N,0
1354,호수,N,0
1355,장관,N,0
1356,시즌,N,0
1357,다가오다,V,0
1358,찹다,V,0
1359,인공미,N,0
1360,가운데,N,0
1361,도장,N,0
1362,하귀,N,0
1363,현금,N,0
1364,노리,N,0
1365,불빛,N,0
1366,둘러보다,V,0
1367,블랑,N,0
1368,올해,N,0
1369,매력,N,2
1370,중산,N,0
1371,조형물,N,0
1372,로맨틱,N,2
1373,감성,N,2
1374,마노르,N,0
1375,플레이스,N,0
1376,한림공원,N,0
1377,블링,N,0
1378,커피,N,0
1379,빛나다,V,2
1380,각종,N,0
1381,동백,N,0
1382,인공,N,0
1383,선사,N,0
1384,포토,N,0
1385,조화,N,2
1386,사촌,N,0
1387,전구,N,0
1388,대나무,N,0
1389,인생,N,0
1390,떠오르다,V,0
1391,한창,N,0
1392,마노,N,0
1393,방문객,N,0
1394,르블랑,N,0
1395,쉬다,V,2
1396,목련,N,0
1397,산책로,N,0
1398,매다,V,0
1399,노다,V,0
1400,뛰어놀다,V,2
1401,관람,N,0
1402,간서,N,0
1403,힐링,N,2
1404,수선화,N,0
1405,검다,V,0
1406,하르방,N,0
1407,족발,N,0
1408,옥집,N,0
1409,인대,N,0
1410,예정,N,0
1411,울리다,V,0
1412,끌다,V,0
1413,찾아내다,V,0
1414,바퀴,N,0
1415,기다리다,V,0
1416,호근동,N,0
1417,상회,N,0
1418,침지,N,0
1419,명륜,N,0
1420,연탄불,N,0
1421,시저,N,0
1422,장사,N,0
1423,선봉,N,0
1424,먹지,N,0
1425,춤추다,V,0
1426,주제곡,N,0
1427,동점,N,0
1428,대답,N,0
1429,착하다,V,2
1430,사이판,N,0
1431,그릴,N,0
1432,천지동,N,0
1433,들르다,V,0
1434,에돔,N,0
1435,영민,N,0
1436,껍데기,N,0
1437,벽돌집,N,0
1438,축하,N,2
1439,경북,N,0
1440,삼춘,N,0
1441,존재,N,0
1442,정육,N,0
1443,불고기,N,0
1444,축산,N,0
1445,음료,N,0
1446,연시,N,0
1447,꾀다,V,0
1448,배달,N,0
1449,일전,N,0
1450,꿀꿀이,N,0
1451,상식,N,0
1452,체리필터,N,0
1453,행객,N,0
1454,뚱보,N,0
1455,공룡,N,0
1456,천안,N,0
1457,현사,N,0
1458,비디오,N,0
1459,대패,N,0
1460,원년,N,0
1461,탄생,N,0
1462,목장,N,0
1463,종합,N,0
1464,무쏘,N,0
1465,번화가,N,0
1466,여타,N,0
1467,사와,N,0
1468,입맛,N,0
1469,캄보디아,N,0
1470,식육,N,0
1471,충남,N,0
1472,레스토랑,N,0
1473,어제,N,0
1474,동현,N,0
1475,사모,N,0
1476,양주,N,0
1477,목살,N,0
1478,러시아,N,0
1479,행복,N,2
1480,막창,N,0
1481,특수,N,2
1482,술값,N,0
1483,생일,N,0
1484,멤버,N,0
1485,숯불,N,0
1486,놀이터,N,0
1487,외도,N,0
1488,잔디,N,0
1489,문전성시,N,0
1490,외도일동,N,0
1491,차리다,V,0
1492,냉수,N,0
1493,변하다,V,0
1494,숙성,N,0
1495,가게,N,0
1496,펴다,V,0
1497,공판장,N,0
1498,상차림,N,0
1499,홍콩,N,0
1500,진희,N,0
1501,일본식,N,0
1502,지나다,V,0
1503,풍년,N,0
1504,아기,N,0
1505,경일,N,0
1506,전화기,N,0
1507,진정하다,V,0
1508,석쇠,N,0
1509,집들이,N,0
1510,떠나오다,V,0
1511,소주,N,0
1512,마트,N,0
1513,일도이동,N,0
1514,광고,N,0
1515,희망,N,2
1516,마스,N,0
1517,오래전,N,0
1518,특이,N,2
1519,오리,N,0
1520,인분,N,0
1521,메뉴판,N,0
1522,오태식,N,0
1523,돗자리,N,0
1524,초벌,N,0
1525,뚝배기,N,0
1526,마수,N,0
1527,해바라기,N,0
1528,마셔야다,V,0
1529,형수님,N,0
1530,대꾸,N,0
1531,연탄,N,0
1532,두루치기,N,0
1533,송욱,N,0
1534,강호,N,0
1535,시장,N,0
1536,동욱,N,0
1537,낭만,N,2
1538,고양이,N,0
1539,백숙,N,0
1540,건입동,N,0
1541,해외여행,N,2
1542,이브,N,0
1543,무한리필,N,1
1544,깨다,V,0
1545,필리핀,N,0
1546,돼지갈비,N,0
1547,짓다,V,0
1548,게장,N,0
1549,리필,N,0
1550,코타키나발루,N,0
1551,인정,N,0
1552,까다,V,0
1553,갔다오다,V,0
1554,치킨,N,0
1555,전골,N,0
1556,오리구이,N,0
1557,한적,N,0
1558,남자,N,0
1559,인천,N,0
1560,전남,N,0
1561,등갈비,N,0
1562,하노이,N,0
1563,낚다,V,0
1564,동생,N,0
1565,생일날,N,2
1566,봉하,N,0
1567,희준,N,0
1568,각자,N,0
1569,진아,N,0
1570,웨이,N,0
1571,돔베,N,0
1572,샴페인,N,0
1573,내요,N,0
1574,새해,N,0
1575,잠깐,N,0
1576,정육점,N,0
1577,띄다,V,0
1578,반찬,N,0
1579,잡식,N,0
1580,포장집,N,0
1581,생고기,N,0
1582,한때,N,0
1583,부위,N,0
1584,축산물,N,0
1585,일내,N,0
1586,국제선,N,0
1587,눈길,N,0
1588,치비,N,0
1589,깡통,N,0
1590,부산,N,0
1591,만취,N,0
1592,태연,N,0
1593,발리,N,0
1594,저작,N,0
1595,충북,N,0
1596,태백산,N,0
1597,동문,N,0
1598,고프다,V,0
1599,초고추장,N,0
1600,위미항,N,0
1601,재미나다,V,2
1602,만덕,N,0
1603,맛없다,V,-2
1604,근방,N,0
1605,도니,N,0
1606,기회,N,0
1607,합류,N,0
1608,실질,N,0
1609,나르다,V,0
1610,구공탄,N,0
1611,지불,N,0
1612,주산,N,0
1613,오래간만,N,0
1614,공식,N,0
1615,재현,N,0
1616,뮤직,N,0
1617,화로구이,N,0
1618,소나기,N,0
1619,돌아보다,V,0
1620,마카오,N,0
1621,선우,N,0
1622,운영,N,0
1623,뛰어나다,V,2
1624,수다,N,0
1625,자치,N,0
1626,보상,N,0
1627,행사,N,2
1628,작성,N,0
1629,결심,N,1
1630,재밌다,V,2
1631,콩쿠르,N,0
1632,한림읍,N,0
1633,우체통,N,0
1634,병무청,N,0
1635,사정,N,0
1636,사이트,N,0
1637,전문,N,2
1638,영평동,N,0
1639,연속,N,0
1640,전기,N,0
1641,부드럽다,V,0
1642,원단,N,0
1643,기획,N,0
1644,과학,N,0
1645,상설,N,0
1646,기말고사,N,0
1647,코리아,N,0
1648,가구,N,0
1649,부서,N,0
1650,미술,N,0
1651,게이트,N,0
1652,마라리,N,0
1653,모레,N,0
1654,행정,N,0
1655,판매처,N,0
1656,허용,N,2
1657,유료,N,-1
1658,이스타,N,0
1659,유효,N,0
1660,마당,N,0
1661,체인,N,0
1662,가이드,N,0
1663,항법,N,0
1664,구호,N,0
1665,통합,N,0
1666,티지,N,0
1667,작업,N,0
1668,영사,N,0
1669,공단,N,0
1670,양쪽,N,0
1671,패키지,N,0
1672,메르세데스,N,0
1673,전하다,V,0
1674,거주,N,0
1675,균형,N,0
1676,성인,N,0
1677,제주마,N,0
1678,회계,N,0
1679,임명,N,0
1680,주민,N,0
1681,가시다,V,0
1682,사방,N,0
1683,중문동,N,0
1684,기술,N,0
1685,대명,N,0
1686,청소년,N,0
1687,지하,N,0
1688,어울리다,V,2
1689,대여,N,0
1690,절차,N,0
1691,기존,N,0
1692,해상,N,0
1693,기대감,N,2
1694,지지다,V,0
1695,물고기,N,0
1696,배송,N,0
1697,알아보다,V,0
1698,유망,N,2
1699,후불,N,0
1700,내다,V,0
1701,기준층,N,0
1702,학회,N,0
1703,미지,N,0
1704,이마,N,0
1705,고고,N,0
1706,결재,N,0
1707,뛰다,V,0
1708,전자,N,0
1709,만료,N,0
1710,프로,N,0
1711,온라인,N,0
1712,열림,N,0
1713,발언,N,0
1714,주도,N,0
1715,비자,N,0
1716,현지,N,0
1717,결손,N,0
1718,요약,N,0
1719,강사,N,0
1720,인재,N,0
1721,선거,N,0
1722,관하다,V,0
1723,항공권,N,0
1724,도남동,N,0
1725,내일,N,0
1726,어머님,N,0
1727,다이버,N,0
1728,패스,N,0
1729,첨단,N,0
1730,정성,N,0
1731,이벤트,N,0
1732,골다,V,0
1733,상훈,N,0
1734,상관,N,0
1735,마라,N,0
1736,현황,N,0
1737,해저,N,0
1738,아카이브,N,0
1739,리포트,N,0
1740,현대,N,0
1741,참시,N,0
1742,장축,N,0
1743,전관,N,0
1744,자기주,N,0
1745,주모,N,0
1746,통계,N,0
1747,제도,N,0
1748,조합장,N,0
1749,복지,N,0
1750,월간,N,0
1751,재생,N,0
1752,조다,V,0
1753,대표,N,0
1754,외국인,N,0
1755,복리,N,0
1756,로켓,N,0
1757,지원사,N,0
1758,수혜,N,0
1759,드론,N,0
1760,새창,N,0
1761,성공,N,2
1762,주말,N,2
1763,융합,N,0
1764,경력,N,0
1765,의사,N,0
1766,유치,N,0
1767,인력,N,0
1768,농원,N,0
1769,맞추다,V,0
1770,창업,N,0
1771,단축,N,0
1772,기프트,N,1
1773,당하다,V,0
1774,만마,N,0
1775,화산섬,N,0
1776,공고,N,0
1777,속살,N,0
1778,건너,N,0
1779,꾸다,V,0
1780,시간표,N,0
1781,보리,N,0
1782,재단,N,0
1783,상태,N,0
1784,구매,N,0
1785,상품,N,0
1786,구름다리,N,0
1787,결제,N,0
1788,브랜드,N,0
1789,메카,N,0
1790,모로,N,0
1791,게스트,N,0
1792,놀이,N,0
1793,보고서,N,0
1794,소인,N,0
1795,시의,N,0
1796,도심,N,0
1797,관악,N,0
1798,맞춤,N,0
1799,관광공사,N,0
1800,중소기업,N,0
1801,단동,N,0
1802,전화,N,0
1803,제주어,N,0
1804,운항,N,0
1805,글로벌,N,0
1806,전선,N,0
1807,청년,N,0
1808,체류,N,0
1809,아라일동,N,0
1810,잠수,N,0
1811,목적,N,0
1812,구입,N,0
1813,서적,N,0
1814,도마,N,0
1815,건의,N,0
1816,출판,N,0
1817,모양,N,0
1818,마제,N,0
1819,해양성,N,0
1820,브이,N,0
1821,소셜,N,0
1822,국외,N,0
1823,전시실,N,0
1824,속삭이다,V,0
1825,신용,N,0
1826,박사,N,0
1827,할인,N,2
1828,문연,N,0
1829,설화,N,0
1830,남다르다,V,2
1831,비즈니스,N,0
1832,택배,N,0
1833,대회,N,0
1834,영산,N,0
1835,비교,N,0
1836,기획사,N,0
1837,함소,N,0
1838,업무,N,0
1839,카트,N,0
1840,입금,N,0
1841,이하,N,0
1842,아카데미,N,0
1843,고기압,N,0
1844,바당,N,0
1845,박명,N,0
1846,자봉,N,0
1847,석부,N,0
1848,해외,N,0
1849,줄다,V,0
1850,기차,N,0
1851,존슨,N,0
1852,소망,N,2
1853,아다,V,0
1854,회식,N,0
1855,정리,N,0
1856,혼자,N,0
1857,광산,N,0
1858,수많다,V,2
1859,스다,V,0
1860,자태,N,0
1861,위원장,N,0
1862,옵션,N,0
1863,이용해,N,0
1864,화재,N,0
1865,여럿,N,0
1866,건너다,V,0
1867,인권,N,0
1868,기사,N,0
1869,상당,N,0
1870,전날,N,0
1871,산호초,N,0
1872,햇살,N,1
1873,기압골,N,0
1874,명함,N,0
1875,편도,N,0
1876,할증료,N,-1
1877,적십자사,N,0
1878,쿠폰,N,0
1879,유네스코,N,0
1880,호스트,N,0
1881,산학,N,0
1882,목포,N,0
1883,아쿠아리움,N,0
1884,보충,N,0
1885,빌리지,N,0
1886,열대어,N,0
1887,미술관,N,0
1888,중마,N,0
1889,물가,N,0
1890,티켓,N,0
1891,발행,N,0
1892,대상,N,0
1893,탐험,N,0
1894,안전,N,1
1895,타보,N,0
1896,찾아가다,V,0
1897,지중해,N,0
1898,클릭,N,0
1899,연구관,N,0
1900,용연,N,0
1901,금융,N,0
1902,높이,N,0
1903,평생교육,N,0
1904,자격,N,0
1905,익스,N,0
1906,렌터카,N,0
1907,유아,N,0
1908,공모,N,0
1909,연면,N,0
1910,위도,N,0
1911,딜러,N,0
1912,출항,N,0
1913,검차,N,0
1914,주체,N,0
1915,유류,N,0
1916,연인,N,2
1917,입니다,N,0
1918,학술,N,0
1919,올레길,N,0
1920,부티크,N,0
1921,시찰,N,0
1922,제품,N,0
1923,말타기,N,0
1924,표시,N,0
1925,동절기,N,0
1926,대한민국,N,0
1927,입장권,N,0
1928,실시간,N,0
1929,단속,N,0
1930,모집,N,0
1931,함양,N,0
1932,샤인,N,0
1933,공통,N,0
1934,찾아보다,V,0
1935,볼거리,N,0
1936,등기,N,0
1937,신분증,N,0
1938,제학,N,0
1939,롯데호텔,N,0
1940,평일,N,0
1941,평생,N,0
1942,동그랗다,V,0
1943,시스,N,0
1944,수영,N,0
1945,공존,N,0
1946,종목별,N,0
1947,고길천,N,0
1948,위원,N,0
1949,확대,N,1
1950,숙마,N,0
1951,번호,N,0
1952,승시,N,0
1953,몸짓,N,0
1954,개월,N,0
1955,뽐내다,V,1
1956,차다,V,0
1957,김포,N,0
1958,지면,N,0
1959,참여,N,0
1960,경제,N,0
1961,믿다,V,0
1962,지피지기,N,0
1963,사이버,N,0
1964,대인,N,0
1965,오븐,N,0
1966,진정,N,0
1967,발권,N,0
1968,최종,N,0
1969,만드다,V,0
1970,신비,N,2
1971,평면도,N,0
1972,주소,N,0
1973,자타,N,0
1974,자랑,N,1
1975,사범,N,0
1976,지참,N,0
1977,문자,N,0
1978,유산,N,0
1979,테마,N,0
1980,국동,N,0
1981,최남단,N,0
1982,한데,N,0
1983,수중,N,0
1984,실속,N,2
1985,합격자,N,2
1986,쿠팡,N,0
1987,보증,N,0
1988,기관,N,0
1989,부분,N,0
1990,병역,N,-1
1991,빌딩,N,0
1992,그룹,N,0
1993,병무,N,0
1994,혜택,N,2
1995,동자주,N,0
1996,제주항공,N,0
1997,지원,N,0
1998,하워드,N,0
1999,디지털,N,0
2000,수입,N,0
2001,연합,N,0
2002,양성,N,0
2003,여행자,N,0
2004,액티비티,N,0
2005,사전,N,0
2006,연기,N,0
2007,신청,N,0
2008,김의근,N,0
2009,특별,N,2
2010,최초,N,1
2011,산천,N,0
2012,비등,N,0
2013,출입국,N,0
2014,전망대,N,2
2015,잠수부,N,0
2016,발행자,N,0
2017,청사,N,0
2018,제세,N,0
2019,라리,N,0
2020,창조,N,1
2021,영향,N,0
2022,업체,N,0
2023,바코드,N,0
2024,군립,N,0
2025,북태평양,N,0
2026,모바일,N,0
2027,공정,N,2
2028,쇼핑,N,1
2029,왕복,N,0
2030,어떻다,V,0
2031,평년,N,0
2032,제공,N,0
2033,증진,N,0
2034,열도,N,0
2035,마주,N,0
2036,회정,N,0
2037,경유,N,0
2038,카드,N,0
2039,일반인,N,0
2040,버튼,N,0
2041,특가,N,2
2042,위원회,N,0
2043,군데,N,0
2044,목록,N,0
2045,프린팅,N,0
2046,인터넷,N,0
2047,신규,N,0
2048,흥원,N,0
2049,채용,N,0
2050,기온,N,0
2051,가본,N,0
2052,육성,N,0
2053,기업,N,0
2054,소아,N,0
2055,이도,N,0
2056,잡치다,V,-2
2057,쭈니,N,0
2058,프로그램,N,0
2059,메달,N,0
2060,도민,N,0
2061,광안리,N,0
2062,공예품,N,0
2063,씀씀이,N,0
2064,입영,N,0
2065,축제,N,2
2066,회원,N,0
2067,해협,N,0
2068,책자,N,0
2069,요번,N,0
2070,도착지,N,0
2071,시선,N,0
2072,박스,N,0
2073,여성상,N,0
2074,경남,N,0
2075,발급,N,0
2076,심사,N,0
2077,악화,N,-2
2078,본사,N,0
2079,운전,N,0
2080,환율,N,0
2081,간격,N,0
2082,데이트,N,2
2083,북단,N,0
2084,승선,N,0
2085,깜놀,N,-1
2086,인비,N,0
2087,진흥,N,0
2088,에너지,N,0
2089,이사,N,0
2090,밸류,N,0
2091,훈련,N,0
2092,대별,N,0
2093,적용,N,0
2094,대한해협,N,0
2095,허가,N,1
2096,보일시,N,0
2097,피디아,N,0
2098,위해,N,0
2099,쇼핑몰,N,0
2100,정당,N,0
2101,운행,N,0
2102,청청,N,2
2103,초대,N,0
2104,대마도,N,0
2105,요령,N,0
2106,리조,N,0
2107,실현,N,2
2108,공과금,N,0
2109,지상,N,0
2110,푸르다,V,2
2111,태권,N,0
2112,주력,N,0
2113,레저,N,2
2114,가을,N,0
2115,신재,N,0
2116,유일무이,N,1
2117,가져가다,V,0
2118,우편,N,0
2119,매장,N,0
2120,관마,N,0
2121,제반,N,0
2122,타원,N,0
2123,벤츠,N,0
2124,서광,N,0
2125,차동,N,0
2126,도모,N,0
2127,최저,N,-1
2128,본인,N,0
2129,상세,N,0
2130,군락,N,0
2131,초아,N,0
2132,등록번호,N,0
2133,장학진,N,0
2134,수기,N,0
2135,가장자리,N,0
2136,숯불갈비,N,0
2137,빌리다,V,0
2138,모으다,V,0
2139,사고,N,0
2140,버여,N,0
2141,무리,N,0
2142,후배,N,0
2143,결국,N,0
2144,취하,N,0
2145,지내다,V,0
2146,화장,N,0
2147,그립다,V,1
2148,방가,N,0
2149,재미,N,0
2150,힘드다,V,-2
2151,나지다,V,0
2152,대박,N,2
2153,모임,N,0
2154,면세점,N,0
2155,만남,N,0
2156,고향,N,2
2157,안주,N,0
2158,약속,N,0
2159,버티다,V,0
2160,상호,N,0
2161,사달,N,0
2162,보루,N,0
2163,하장,N,0
2164,플로,N,0
2165,스케줄,N,0
2166,미풍,N,0
2167,조림,N,0
2168,니즘,N,0
2169,숭어,N,0
2170,털다,V,0
2171,귀차,N,0
2172,우럭,N,0
2173,어르다,V,0
2174,술집,N,0
2175,청국장,N,0
2176,왕새우,N,0
2177,뚜껑,N,0
2178,새우,N,0
2179,콩나물,N,0
2180,곱창,N,0
2181,마리,N,0
2182,연정,N,0
2183,스타일,N,0
2184,보태다,V,0
2185,볶음밥,N,0
2186,고등어,N,0
2187,조개,N,0
2188,연어,N,0
2189,얼마,N,0
2190,삼겹살,N,0
2191,명호,N,0
2192,땡기다,V,2
2193,안동,N,0
2194,방어,N,0
2195,이외,N,0
2196,우동,N,0
2197,이날,N,0
2198,팔뚝,N,0
2199,필수,N,0
2200,대게,N,0
2201,태양,N,0
2202,평소,N,0
2203,모듬,N,0
2204,체인점,N,0
2205,휴대폰,N,0
2206,이것저것,N,0
2207,대접,N,0
2208,애용,N,0
2209,사이드,N,0
2210,꼬막,N,0
2211,깐풍기,N,0
2212,함덕,N,0
2213,추가,N,0
2214,두부,N,0
2215,자카야,N,0
2216,골뱅이,N,0
2217,조금,N,0
2218,손님,N,0
2219,튀김,N,0
2220,크림,N,0
2221,광어,N,0
2222,대다,V,0
2223,떡볶이,N,0
2224,한우,N,0
2225,동네,N,0
2226,닭똥집,N,0
2227,무료,N,0
2228,새우튀김,N,0
2229,새우전,N,0
2230,판매,N,0
2231,야무지다,V,2
2232,쫄다,V,-2
2233,고민,N,-2
2234,게으름,N,-1
2235,실하다,V,2
2236,시스템,N,0
2237,도회,N,0
2238,나물볶음,N,0
2239,진심,N,0
2240,밑반찬,N,0
2241,황소,N,0
2242,솥뚜껑,N,0
2243,출동,N,0
2244,사악,N,0
2245,활동,N,0
2246,찌다,V,0
2247,갑각류,N,0
2248,외도동,N,0
2249,가보,N,0
2250,생각나다,V,0
2251,소고기,N,2
2252,주기,N,0
2253,거짓말,N,-2
2254,구다,V,0
2255,김치,N,0
2256,부지런,N,2
2257,고집,N,-1
2258,복장,N,0
2259,포장,N,0
2260,천국,N,0
2261,쌓이다,V,0
2262,부동산,N,0
2263,외지,N,0
2264,주장,N,0
2265,무시,N,0
2266,소재지,N,0
2267,애월,N,0
2268,거주지,N,0
2269,다면,N,0
2270,현실,N,0
2271,토지,N,0
2272,각광,N,2
2273,조사,N,0
2274,빌라,N,0
2275,보도,N,0
2276,교통부,N,0
2277,기록,N,0
2278,현상,N,0
2279,여파,N,0
2280,쏠리다,V,0
2281,동향,N,0
2282,책정,N,0
2283,관심,N,0
2284,불경기,N,-2
2285,고려,N,0
2286,혁신,N,0
2287,지방,N,0
2288,던스,N,0
2289,단지,N,0
2290,거품,N,-1
2291,현재,N,0
2292,국토,N,0
2293,합리,N,2
2294,납득,N,1
2295,필지,N,0
2296,입지,N,0
2297,가까이,N,0
2298,한화,N,0
2299,표현,N,0
2300,인식,N,0
2301,틀림없다,V,0
2302,연출,N,0
2303,시너지,N,1
2304,평균,N,0
2305,인접,N,0
2306,경안,N,0
2307,예측,N,0
2308,예시,N,0
2309,시거,N,0
2310,비율,N,0
2311,효과,N,0
2312,한경,N,0
2313,얼어붙다,V,0
2314,걸로,N,0
2315,상승,N,0
2316,차이,N,0
2317,감소,N,0
2318,근본,N,0
2319,일어나다,V,0
2320,공장,N,0
2321,산정,N,0
2322,과하다,V,-2
2323,맞물리다,V,0
2324,전월,N,0
2325,조정,N,0
2326,거주민,N,0
2327,시행,N,0
2328,차지,N,0
2329,세다,V,0
2330,보성리,N,0
2331,정책,N,0
2332,이웃,N,2
2333,뛰어넘다,V,0
2334,보합세,N,0
2335,지우다,V,0
2336,투자자,N,0
2337,꼽다,V,0
2338,명실상부,N,0
2339,타운,N,0
2340,경기,N,0
2341,입주,N,0
2342,준공,N,0
2343,사실,N,0
2344,굳어지다,V,0
2345,분양가,N,0
2346,선정,N,0
2347,단계,N,0
2348,데이터,N,0
2349,살펴보다,V,0
2350,오해,N,-2
2351,구억리,N,0
2352,기반,N,0
2353,미분양,N,0
2354,확장,N,1
2355,선호도,N,0
2356,후광,N,2
2357,분기,N,0
2358,말미암다,V,0
2359,재지,N,0
2360,곤두세우다,V,-1
2361,한림,N,0
2362,금액,N,0
2363,거래,N,0
2364,전경,N,0
2365,이해,N,0
2366,부속,N,0
2367,세대수,N,0
2368,사도,N,0
2369,더불다,V,1
2370,레지,N,0
2371,파급,N,0
2372,임야,N,0
2373,작용,N,0
2374,영어,N,0
2375,중도,N,0
2376,인프라,N,0
2377,증거,N,0
2378,진행,N,0
2379,대비,N,0
2380,구체,N,0
2381,감소세,N,0
2382,언론,N,0
2383,용지,N,0
2384,거주자,N,0
2385,건축,N,0
2386,사업주,N,0
2387,반증,N,0
2388,대지,N,0
2389,전년,N,0
2390,오피스텔,N,0
2391,촉각,N,0
2392,나타나다,V,0
2393,환경,N,0
2394,그랜드,N,0
2395,상황,N,0
2396,내용,N,0
2397,청약,N,0
2398,발표,N,0
2399,케이스,N,0
2400,파생,N,0
2401,게재,N,0
2402,인정받다,V,0
2403,근거,N,0
2404,분석,N,0
2405,말씀,N,0
2406,전술,N,0
2407,필자,N,0
2408,생활,N,0
2409,점진,N,0
2410,청수리,N,0
2411,도외,N,0
2412,판단,N,0
2413,지지,N,0
2414,밀도,N,0
2415,그림,N,0
2416,비대,N,0
2417,순위,N,0
2418,세부,N,0
2419,수익,N,2
2420,급감,N,-1
2421,표선면,N,0
2422,이루어지다,V,2
2423,외지인,N,0
2424,나타내다,V,0
2425,땅값,N,0
2426,조천,N,0
2427,봉개동,N,0
2428,시세,N,0
2429,초과,N,0
2430,남원읍,N,0
2431,집계,N,0
2432,호재,N,0
2433,계약,N,0
2434,지역민,N,0
2435,기간,N,0
2436,속도,N,0
2437,사업자,N,0
2438,지속,N,0
2439,세대,N,0
2440,지목,N,0
2441,주자,N,0
2442,구좌,N,0
2443,도내,N,0
2444,향후,N,0
2445,거래량,N,0
2446,오류,N,-1
2447,바라보이다,V,0
2448,늘다,V,0
2449,결과,N,0
2450,주택,N,0
2451,집값,N,0
2452,복합,N,0
2453,대정,N,0
2454,아이파크,N,0
2455,잠재,N,2
2456,짚다,V,0
2457,총인구,N,0
2458,경면,N,0
2459,인구,N,0
2460,읍소,N,0
2461,가치,N,2
2462,카페,N,0
2463,정복기,N,0
2464,생존,N,1
2465,갈림길,N,0
2466,농담,N,1
2467,밤새다,V,0
2468,세분,N,0
2469,사건,N,0
2470,말레이시아,N,0
2471,촬영,N,0
2472,히바,N,0
2473,화용론,N,0
2474,쾌속,N,0
2475,분간,N,0
2476,진입,N,0
2477,되짚다,V,0
2478,태국,N,0
2479,음식,N,0
2480,몰타,N,0
2481,경사,N,0
2482,신제,N,0
2483,복습,N,0
2484,매화,N,0
2485,민담,N,0
2486,시리즈,N,0
2487,돌하루방,N,0
2488,라면,N,0
2489,장벽,N,0
2490,분류,N,0
2491,규명,N,0
2492,오거리,N,0
2493,자정,N,0
2494,족보,N,0
2495,땅바닥,N,0
2496,처음,N,0
2497,비추다,V,0
2498,과거,N,0
2499,상상,N,0
2500,사마르칸트,N,0
2501,쿠웨이트,N,0
2502,옛날,N,0
2503,필연,N,0
2504,전국,N,0
2505,벚꽃,N,0
2506,차원,N,0
2507,공무원,N,0
2508,원노,N,0
2509,타슈켄트,N,0
2510,진입로,N,0
2511,지금,N,0
2512,심리학,N,0
2513,대처,N,0
2514,한밤,N,0
2515,돌아다니다,V,0
2516,기억,N,0
2517,블로그,N,0
2518,낭패,N,-2
2519,비하다,V,0
2520,크리스,N,0
2521,낫다,V,0
2522,문제,N,0
2523,체력,N,0
2524,느리다,V,0
2525,인도,N,0
2526,학교,N,0
2527,고등,N,0
2528,컨텐츠,N,0
2529,놀라다,V,1
2530,걸다,V,0
2531,복원,N,0
2532,카메라,N,0
2533,멀다,V,-1
2534,지구대,N,0
2535,공지,N,0
2536,야자수,N,0
2537,미얀마,N,0
2538,행동,N,0
2539,텐데,N,0
2540,교과서,N,0
2541,불가리아,N,0
2542,소설,N,0
2543,스마트폰,N,0
2544,악산,N,0
2545,막히다,V,0
2546,등잔,N,0
2547,인상,N,0
2548,러닝,N,0
2549,미디어,N,0
2550,작아지다,V,0
2551,기타,N,0
2552,시커멓다,V,-1
2553,치다,V,0
2554,알콜,N,0
2555,무한정,N,0
2556,학생,N,0
2557,프링글스,N,0
2558,얼굴,N,0
2559,사회,N,0
2560,길가,N,0
2561,구독,N,0
2562,툴바,N,0
2563,공간,N,0
2564,끝내다,V,0
2565,연결,N,0
2566,패딩,N,0
2567,해당,N,0
2568,따위,N,0
2569,나가다,V,0
2570,순간,N,0
2571,감흥,N,0
2572,아파트,N,0
2573,혁명,N,1
2574,시각,N,0
2575,연구,N,0
2576,도시,N,0
2577,교재,N,0
2578,태상,N,0
2579,어둠,N,0
2580,이라크,N,0
2581,아랍어,N,0
2582,포기,N,-1
2583,가지다,V,0
2584,튀르크,N,0
2585,수렁,N,0
2586,저주,N,0
2587,초등학생,N,0
2588,오일장,N,0
2589,샛길,N,0
2590,묶이다,V,0
2591,잡담,N,0
2592,걷기,N,0
2593,석상,N,0
2594,시꺼멓다,V,0
2595,회상,N,0
2596,벗어나다,V,0
2597,돌담,N,0
2598,원본,N,0
2599,무한,N,0
2600,분리,N,0
2601,어렵다,V,-2
2602,전래,N,0
2603,염불,N,0
2604,대단위,N,0
2605,동이다,V,0
2606,라카,N,0
2607,무계획,N,0
2608,비석,N,0
2609,뭉뚱그리다,V,0
2610,급경사,N,0
2611,프랜차이즈,N,0
2612,달라지다,V,0
2613,밀크티,N,0
2614,집중,N,0
2615,알아듣다,V,0
2616,춥다,V,-1
2617,타리,N,0
2618,악기,N,0
2619,잠들다,V,0
2620,지구,N,0
2621,과자,N,0
2622,도서관,N,0
2623,관리자,N,0
2624,구슬,N,0
2625,알바니아,N,0
2626,인류학,N,0
2627,열매,N,1
2628,열리다,V,0
2629,복무,N,0
2630,서파,N,0
2631,튀니지,N,0
2632,관광객,N,2
2633,구도,N,0
2634,터미널,N,0
2635,평지,N,0
2636,담벼락,N,0
2637,인도네시아,N,0
2638,정하다,V,0
2639,키르기스스탄,N,0
2640,탄자니아,N,0
2641,삼각대,N,0
2642,방글라데시,N,0
2643,이때,N,0
2644,신고,N,0
2645,걸어다니다,V,0
2646,어학,N,0
2647,국수,N,0
2648,뒤섞다,V,0
2649,관음,N,0
2650,좁다,V,-1
2651,걸음,N,0
2652,비탈길,N,0
2653,건지,N,0
2654,동산,N,0
2655,영국사,N,0
2656,끼다,V,0
2657,개선,N,0
2658,카카오스토리,N,0
2659,부리다,V,0
2660,등등,N,0
2661,방문,N,0
2662,미스테리,N,0
2663,시작점,N,0
2664,마루,N,0
2665,활주,N,0
2666,미신,N,0
2667,벅스,N,0
2668,리뷰,N,0
2669,산업,N,0
2670,훗날,N,0
2671,국어,N,0
2672,빨간불,N,0
2673,초등,N,0
2674,탑동,N,0
2675,바꾸다,V,0
2676,댓글,N,0
2677,후문,N,0
2678,탐방기,N,0
2679,위령,N,0
2680,예습,N,0
2681,영화,N,0
2682,질주,N,0
2683,티스토리,N,0
2684,다니다,V,0
2685,베트남,N,0
2686,돌아가다,V,0
2687,숙제,N,0
2688,제과,N,0
2689,존기,N,0
2690,사람,N,0
2691,학문,N,0
2692,팔레스타인,N,0
2693,길다,V,1
2694,아프가니스탄,N,0
2695,진실,N,0
2696,소리,N,0
2697,제시,N,0
2698,진상,N,-1
2699,사항,N,0
2700,놔두다,V,0
2701,관련,N,0
2702,적히다,V,0
2703,우즈베키스탄,N,0
2704,경계,N,0
2705,덮다,V,0
2706,나쁘다,V,-2
2707,뒷길,N,0
2708,새기다,V,0
2709,상징,N,0
2710,설치,N,0
2711,주제,N,0
2712,주식,N,0
2713,본격,N,0
2714,명지,N,0
2715,마케팅,N,0
2716,관학,N,0
2717,활주로,N,0
2718,전통,N,0
2719,퍼가다,V,0
2720,확인,N,0
2721,패스트푸드,N,0
2722,걸어가다,V,0
2723,지경,N,0
2724,애리,N,0
2725,외국,N,0
2726,제작,N,0
2727,시골,N,0
2728,미치다,V,0
2729,정사,N,0
2730,해태,N,0
2731,휴가,N,2
2732,용담동,N,0
2733,맺다,V,0
2734,조지아,N,0
2735,카페인,N,0
2736,나중,N,0
2737,요즘,N,0
2738,소말리아,N,0
2739,얽매이다,V,0
2740,가로등,N,0
2741,도령,N,0
2742,알제리,N,0
2743,주무시다,V,0
2744,빠지다,V,0
2745,중앙아시아,N,0
2746,작동,N,0
2747,초록,N,0
2748,실제,N,0
2749,뜨겁다,V,0
2750,탐라,N,0
2751,정신,N,0
2752,노파,N,0
2753,일상,N,0
2754,주라,N,0
2755,어리다,V,0
2756,차선,N,0
2757,사업,N,0
2758,기다,V,0
2759,스토리,N,0
2760,안디잔,N,0
2761,이집트,N,0
2762,추모,N,0
2763,유나이티,N,0
2764,초소,N,0
2765,방명록,N,0
2766,쓰이다,V,0
2767,흔들리다,V,0
2768,삼양,N,0
2769,초점,N,0
2770,나머지,N,0
2771,따지다,V,0
2772,정보,N,0
2773,이상,N,0
2774,엄중,N,0
2775,피자스쿨,N,0
2776,지리학,N,0
2777,정비,N,0
2778,택지,N,0
2779,장식품,N,0
2780,돌파,N,0
2781,여행지,N,2
2782,개발,N,1
2783,트위터,N,0
2784,교육,N,0
2785,뭉텅이,N,0
2786,상갓집,N,0
2787,스님,N,0
2788,용담,N,0
2789,구간,N,0
2790,파출소,N,0
2791,아제르바이잔,N,0
2792,제주제,N,0
2793,의미,N,0
2794,내리막길,N,0
2795,부하라,N,0
2796,체감,N,0
2797,반복,N,0
2798,가요,N,0
2799,이어지다,V,0
2800,촉박,N,0
2801,여기저기,N,0
2802,그날,N,0
2803,화폐,N,0
2804,접하다,V,0
2805,예전,N,0
2806,표지판,N,0
2807,포스팅,N,0
2808,구분,N,0
2809,이르다,V,0
2810,계시다,V,0
2811,자전거,N,0
2812,자녀,N,0
2813,촌락,N,0
2814,통학,N,0
2815,문헌,N,0
2816,등장,N,0
2817,버리다,V,0
2818,길거리,N,0
2819,중요,N,2
2820,신호,N,0
2821,엔제리너스,N,0
2822,한계,N,0
2823,노래,N,0
2824,인문,N,0
2825,서문,N,0
2826,피자,N,0
2827,리비아,N,0
2828,경사로,N,0
2829,방향,N,0
2830,치우다,V,0
2831,출판사,N,0
2832,커지다,V,0
2833,사우디아라비아,N,0
2834,외국어,N,0
2835,관덕정,N,0
2836,방랑기,N,0
2837,기울다,V,0
2838,박물,N,0
2839,글쓰기,N,0
2840,알리다,V,0
2841,신광,N,0
2842,이전,N,0
2843,예멘,N,0
2844,정치인,N,0
2845,전체,N,0
2846,학습,N,0
2847,페이스북,N,0
2848,범위,N,0
2849,강행군,N,0
2850,종결,N,0
2851,사무소,N,0
2852,후보,N,0
2853,동지,N,0
2854,시절,N,0
2855,공포,N,-2
2856,언어,N,0
2857,예상,N,0
2858,줄어들다,V,-1
2859,월요일,N,0
2860,구제,N,0
2861,군대,N,0
2862,자체,N,0
2863,터키,N,0
2864,사회학,N,0
2865,우즈베크어,N,0
2866,언어학,N,0
2867,모스크,N,0
2868,오라동,N,0
2869,정문,N,0
2870,여행기,N,2
2871,넣다,V,0
2872,상병,N,0
2873,동화,N,0
2874,문화,N,0
2875,방법,N,0
2876,카자흐스탄,N,0
2877,시외버스,N,0
2878,광학,N,0
2879,아르메니아,N,0
2880,머신,N,0
2881,이란,N,0
2882,찍히다,V,0
2883,켜다,V,0
2884,걸어오다,V,0
2885,소풍,N,0
2886,기상,N,0
2887,진학,N,0
2888,꺼지다,V,0
2889,림사,N,0
2890,이후,N,0
2891,소통,N,0
2892,밤거리,N,0
2893,암호,N,0
2894,미동,N,0
2895,라오스,N,0
2896,엔딩,N,0
2897,수목원,N,0
2898,기적,N,2
2899,투르크메니스탄,N,0
2900,타지키스탄,N,0
2901,돌다,V,0
2902,간직,N,0
2903,타이완,N,0
2904,모르다,V,0
2905,한국,N,0
2906,장면,N,0
2907,종착점,N,0
2908,비뚤다,V,0
2909,신호등,N,0
2910,태그,N,0
2911,나누다,V,0
2912,오르막길,N,0
2913,시리아,N,0
2914,리어스,N,0
2915,할리,N,0
2916,간만,N,0
2917,욕망,N,0
2918,안덕,N,0
2919,태흥,N,0
2920,성판악,N,0
2921,오름길,N,0
2922,목리,N,0
2923,별장,N,0
2924,동굴,N,0
2925,최서단,N,0
2926,어음리,N,0
2927,게기다,V,0
2928,으뜸,N,2
2929,남원리,N,0
2930,등대,N,0
2931,그치다,V,0
2932,해안도,N,0
2933,쪼다,V,0
2934,당산,N,0
2935,압도,N,0
2936,비양,N,0
2937,쌍봉,N,0
2938,제리아,N,0
2939,기정,N,0
2940,아쉽다,V,-2
2941,태우다,V,0
2942,월평,N,0
2943,상위,N,0
2944,넘어지다,V,0
2945,숫자,N,0
2946,서귀포항,N,0
2947,양평,N,0
2948,눕다,V,0
2949,쐬다,V,0
2950,로미,N,0
2951,시원찮다,V,-1
2952,떠나다,V,0
2953,놀다,V,0
2954,파노라마,N,0
2955,받치다,V,0
2956,왼손,N,0
2957,비치,N,0
2958,남원,N,0
2959,한잔,N,0
2960,중문관광단지,N,0
2961,위안,N,2
2962,효녀,N,2
2963,남기다,V,0
2964,완료,N,2
2965,난이도,N,0
2966,맥주,N,0
2967,빨갛다,V,0
2968,커니,N,0
2969,법환,N,0
2970,사다,V,0
2971,신경,N,0
2972,서쪽,N,0
2973,한방,N,0
2974,제일,N,0
2975,다바,N,0
2976,끄트머리,N,0
2977,위미리,N,0
2978,배경,N,0
2979,비젼,N,0
2980,하예,N,0
2981,숲길,N,0
2982,계열,N,0
2983,할리데이,N,0
2984,오른손,N,0
2985,카약,N,0
2986,폭풍,N,0
2987,기종,N,0
2988,달리다,V,0
2989,철수,N,0
2990,명물,N,2
2991,할배,N,0
2992,표정,N,0
2993,회장,N,0
2994,하효동,N,0
2995,랜드,N,0
2996,표선리,N,0
2997,풍차,N,0
2998,저격,N,0
2999,리프,N,0
3000,트레일,N,0
3001,교래리,N,0
3002,푸다,V,0
3003,대평리,N,0
3004,휘감기다,V,0
3005,해수욕장,N,0
3006,막걸리,N,0
3007,베스트,N,2
3008,블다,V,0
3009,가파르다,V,0
3010,잠기다,V,0
3011,절경,N,2
3012,점심,N,0
3013,넘어가다,V,0
3014,쓰다,V,0
3015,강정,N,0
3016,고급,N,2
3017,클리프,N,0
3018,연로,N,0
3019,캐논,N,0
3020,번영로,N,0
3021,싫다,V,-2
3022,와도,N,0
3023,질감,N,0
3024,바가지,N,0
3025,밝다,V,2
3026,포즈,N,0
3027,가든,N,0
3028,달다,V,0
3029,만찬,N,0
3030,조심,N,0
3031,대신,N,0
3032,박수,N,0
3033,뒤로하다,V,0
3034,협재리,N,0
3035,안길,N,0
3036,어르신,N,0
3037,대평,N,0
3038,데이비슨,N,0
3039,신기다,V,0
3040,디쉬,N,0
3041,인증,N,0
3042,풍광,N,0
3043,포인트,N,0
3044,라이,N,0
3045,클로즈업,N,0
3046,구름,N,0
3047,수월,N,0
3048,포말,N,0
3049,기대,N,0
3050,귀도,N,0
3051,허락,N,0
3052,금등리,N,0
3053,코너,N,0
3054,쑥스럽다,V,-1
3055,히든,N,0
3056,앞바다,N,0
3057,뿌시다,V,0
3058,도광록,N,0
3059,비자림,N,0
3060,지요,N,0
3061,도전,N,0
3062,월봉,N,0
3063,우지,N,0
3064,군산,N,0
3065,도치,N,0
3066,계곡,N,0
3067,닉네임,N,0
3068,헤리티지,N,0
3069,레슬리,N,0
3070,알다,V,0
3071,투명,N,0
3072,해장국,N,0
3073,흡입,N,0
3074,쓰리다,V,0
3075,세화리,N,0
3076,태흥리,N,0
3077,하루,N,0
3078,글라이드,N,0
3079,백산,N,0
3080,파도,N,0
3081,생기다,V,0
3082,입가심,N,0
3083,박다,V,0
3084,걸치다,V,0
3085,담다,V,0
3086,나이,N,0
3087,아깝다,V,0
3088,지나오다,V,0
3089,양도,N,0
3090,명당자리,N,0
3091,갈비탕,N,0
3092,한장정,N,0
3093,영로,N,0
3094,자다,V,0
3095,묵다,V,0
3096,영락리,N,0
3097,우루,N,0
3098,거칠다,V,-1
3099,백호,N,0
3100,부다,V,0
3101,화구벽,N,0
3102,블루,N,0
3103,신도리,N,0
3104,빨갱이,N,0
3105,남조,N,0
3106,승지,N,0
3107,피로,N,-2
3108,무겁다,V,-1
3109,진사,N,0
3110,트윈,N,0
3111,대만,N,0
3112,튜어,N,0
3113,품다,V,0
3114,일과리,N,0
3115,기념,N,2
3116,울트라,N,0
3117,블랙,N,0
3118,강태공,N,0
3119,출입,N,0
3120,두만,N,0
3121,다이나,N,0
3122,색달,N,0
3123,때리다,V,0
3124,뿔다,V,0
3125,울다,V,0
3126,휴양,N,2
3127,역광,N,0
3128,핸들,N,0
3129,메다,N,0
3130,라산,N,0
3131,막내,N,0
3132,사이,N,0
3133,신창,N,0
3134,쥬얼,N,0
3135,파파,N,0
3136,안경,N,0
3137,간지,N,2
3138,건배,N,0
3139,카리스마,N,1
3140,세우다,V,0
3141,해장,N,0
3142,차귀,N,0
3143,희다,V,0
3144,복귀,N,0
3145,육회,N,0
3146,시작,N,0
3147,수위,N,0
3148,침수,N,0
3149,무다,V,0
3150,데불다,V,0
3151,학년,N,0
3152,베테랑,N,0
3153,요청,N,0
3154,담배,N,0
3155,산록,N,0
3156,고맙다,V,2
3157,지나가다,V,0
3158,하얏트,N,0
3159,고산리,N,0
3160,돌리다,V,0
3161,판포리,N,0
3162,명당,N,2
3163,로드,N,0
3164,비슨,N,0
3165,라이더,N,0
3166,빅토리,N,0
3167,자시다,V,0
3168,잡수다,V,0
3169,올라오다,V,0
3170,메인,N,0
3171,징기스,N,0
3172,헤어,N,0
3173,시키다,V,0
3174,특선,N,0
3175,등심,N,0
3176,숙주나물,N,0
3177,양삼,N,0
3178,고객,N,0
3179,담당,N,1
3180,빼다,V,0
3181,양파,N,0
3182,명란젓,N,0
3183,질다,V,0
3184,겹다,V,0
3185,단체,N,0
3186,토마토,N,0
3187,바이,N,0
3188,대파,N,0
3189,별미,N,2
3190,기름기,N,0
3191,묵사발,N,0
3192,좋아하다,V,2
3193,식다,V,0
3194,터지다,V,0
3195,일기,N,0
3196,썸녀,N,1
3197,클리어,N,0
3198,개뿔,N,-2
3199,어둡다,V,-1
3200,구여,N,0
3201,따다,V,0
3202,난리,N,0
3203,하늘,N,0
3204,바라다,V,1
3205,비다,V,0
3206,휩쓸다,V,-2
3207,태풍,N,0
3208,뉴스,N,0
3209,들어오다,V,0
3210,크레인,N,0
3211,무섭다,V,-1
3212,식량,N,0
3213,내리,N,0
3214,동영상,N,0
3215,카키,N,0
3216,차바,N,0
3217,빗소리,N,0
3218,이러다,V,0
3219,일대,N,0
3220,기르다,V,0
3221,이끌다,V,0
3222,무사,N,0
3223,대피,N,0
3224,머리,N,0
3225,목숨,N,0
3226,육지,N,0
3227,비상,N,0
3228,드림,N,0
3229,창문,N,0
3230,가로,N,0
3231,목소리,N,0
3232,쓰러지다,V,0
3233,시킹,N,0
3234,나름,N,0
3235,퇴근,N,0
3236,움직이다,V,0
3237,닥치다,V,0
3238,고층,N,0
3239,무너지다,V,0
3240,동태,N,0
3241,살피다,V,0
3242,비바람,N,0
3243,열다,V,0
3244,현장,N,0
3245,코앞,N,0
3246,스티로폼,N,0
3247,정전,N,0
3248,간밤,N,0
3249,엄청나다,V,0
3250,공사장,N,0
3251,암흑,N,0
3252,우산,N,0
3253,들리다,V,0
3254,미스트,N,0
3255,몰아치다,V,0
3256,새벽,N,0
3257,편의점,N,0
3258,속눈썹,N,0
3259,염색,N,0
3260,발자국,N,0
3261,공사,N,0
3262,미션,N,0
3263,피곤,N,-2
3264,담보,N,0
3265,화요일,N,0
3266,습격,N,0
3267,날아다니다,V,0
3268,피해,N,-1
3269,벌어지다,V,0
3270,바깥,N,0
3271,세상,N,0
3272,장신,N,0
3273,유희,N,0
3274,아이보리,N,0
3275,화이트,N,0
3276,버건,N,0
3277,까먹다,V,0
3278,색상,N,0
3279,변경,N,0
3280,버다,V,0
3281,큐티클,N,0
3282,뜯다,V,0
3283,구용,N,0
3284,건디,N,0
3285,말다,V,0
3286,무광,N,0
3287,연말,N,0
3288,맛집,N,2
3289,양고기,N,0
3290,갈비,N,0
3291,이제,N,0
3292,다르다,V,0
3293,호불호,N,-1
3294,갈리다,V,0
3295,색감,N,0
3296,과정,N,0
3297,꺼리다,V,-1
3298,순식간,N,0
3299,마지막,N,0
3300,도토리묵,N,0
3301,입문,N,0
3302,만나다,V,0
3303,미만,N,0
3304,특유,N,0
3305,기분,N,0
3306,품질,N,2
3307,리스트,N,0
3308,젓가락,N,0
3309,원목,N,0
3310,올리다,V,0
3311,아니다,V,-2
3312,나물,N,0
3313,안녕,N,0
3314,직원,N,0
3315,마무리,N,0
3316,사용,N,0
3317,굽다,V,0
3318,간판,N,0
3319,익다,V,0
3320,옳다,V,2
3321,제원,N,0
3322,테이블,N,0
3323,앉다,V,0
3324,곰취,N,0
3325,곁들다,V,0
3326,살사,N,0
3327,달마루,N,0
3328,틀리다,V,0
3329,워머,N,0
3330,물다,V,0
3331,흐르다,V,0
3332,완전,N,0
3333,냉채,N,0
3334,들다,V,0
3335,별거,N,0
3336,숙주,N,0
3337,부담,N,-1
3338,넓다,V,1
3339,계단,N,0
3340,마시다,V,0
3341,영업,N,0
3342,종류,N,0
3343,놓이다,V,0
3344,서비스,N,2
3345,비비다,V,0
3346,별도,N,0
3347,싸다,V,0
3348,넘다,V,0
3349,볶음,N,0
3350,데려와야다,V,0
3351,반기다,V,1
3352,명란,N,0
3353,이쁘다,V,2
3354,과일,N,0
3355,주차,N,0
3356,조합,N,0
3357,보유,N,0
3358,촛불,N,0
3359,깨어나다,V,0
3360,강하다,V,0
3361,거부,N,-2
3362,놀러오다,V,0
3363,짠맛,N,0
3364,생후,N,0
3365,전반,N,0
3366,지인,N,0
3367,내려가다,V,0
3368,오랜만,N,0
3369,일반,N,0
3370,굳다,V,0
3371,소스,N,0
3372,올려놓다,V,0
3373,구우다,V,0
3374,입안,N,0
3375,창가,N,0
3376,크기,N,0
3377,좌석,N,0
3378,가볍다,V,1
3379,소품,N,0
3380,이름,N,0
3381,언니,N,0
3382,주문,N,0
3383,고수,N,0
3384,짜다,V,0
3385,개다,V,0
3386,곁들이다,V,0
3387,꿀맛,N,2
3388,윤기,N,0
3389,골구,N,0
3390,녹아들다,V,0
3391,꼬치,N,0
3392,설레다,V,2
3393,공영,N,0
3394,띠다,V,0
3395,옮기다,V,0
3396,감사,N,1
3397,보통,N,0
3398,착석,N,0
3399,샐러드,N,0
3400,맛나다,V,2
3401,메뉴,N,0
3402,좌식,N,0
3403,자르다,V,0
3404,전문가,N,2
3405,마찬가지,N,0
3406,작다,V,0
3407,친절,N,2
3408,이즈미,N,0
3409,글리터,N,0
3410,담기다,V,0
3411,물어뜯다,V,0
3412,짧다,V,0
3413,연장,N,0
3414,손톱,N,0
3415,시럽,N,0
3416,강추,N,2
3417,웨딩,N,0
3418,베리,N,0
3419,체크,N,0
3420,유지,N,0
3421,크리스마스,N,0
3422,네일,N,0
3423,플러스,N,0
3424,취소,N,0
3425,정지연,N,0
3426,사거리,N,0
3427,카카오톡,N,0
3428,그램,N,0
3429,여부,N,0
3430,변동,N,0
3431,아라동,N,0
3432,스타,N,0
3433,시간대,N,0
3434,빠르다,V,1
3435,시청,N,0
3436,제거,N,0
3437,월랑,N,0
3438,환불,N,-1
3439,이달,N,0
3440,계좌,N,0
3441,맞은편,N,0
3442,후기,N,0
3443,불가,N,-2
3444,올리브,N,0
3445,쇼시,N,0
3446,아트,N,0
3447,시술,N,0
3448,연락처,N,0
3449,본죽,N,0
3450,예쁘다,V,0
3451,성함,N,0
3452,카톡,N,0
3453,국민,N,0
3454,친구,N,0
3455,받다,V,0
3456,오후,N,0
3457,아이디,N,0
3458,디자인,N,0
3459,양식,N,0
3460,예약금,N,0
3461,당일,N,0
3462,네이버,N,0
3463,풀다,V,0
3464,낮다,V,0
3465,카테고리,N,0
3466,잔해,N,0
3467,집결,N,0
3468,꺼멍,N,0
3469,둘레,N,0
3470,동광리,N,0
3471,민속,N,0
3472,포함,N,0
3473,각국,N,0
3474,이루다,V,2
3475,찍다,V,0
3476,하멜,N,0
3477,녹차,N,0
3478,지름,N,0
3479,둥지,N,0
3480,조형,N,0
3481,형성,N,0
3482,투어,N,0
3483,아모레,N,0
3484,설립,N,0
3485,종상,N,0
3486,신라,N,0
3487,나오다,V,0
3488,냄새,N,-1
3489,월드,N,0
3490,화진,N,0
3491,화구,N,0
3492,안덕면,N,0
3493,조망,N,2
3494,쇠소깍,N,0
3495,나다,V,0
3496,나서다,V,0
3497,부처손,N,0
3498,타워,N,0
3499,여장,N,0
3500,부르다,V,0
3501,체코,N,0
3502,전설,N,0
3503,전시,N,0
3504,석굴,N,0
3505,제외,N,0
3506,소로,N,0
3507,외돌개,N,0
3508,노출,N,0
3509,기내,N,0
3510,단순,N,0
3511,원님,N,0
3512,초원,N,0
3513,주차장,N,0
3514,심다,V,0
3515,신화,N,0
3516,남서쪽,N,0
3517,다금바리,N,0
3518,중국인,N,0
3519,필요,N,0
3520,문화재,N,1
3521,천혜,N,0
3522,안치,N,0
3523,탑승객,N,0
3524,분화구,N,0
3525,침략,N,0
3526,발판,N,0
3527,올라가다,V,0
3528,숙다,V,0
3529,식물,N,0
3530,상가,N,0
3531,잡히다,V,0
3532,조면암,N,0
3533,분양,N,0
3534,오토바이,N,0
3535,갈치,N,0
3536,사철쑥,N,0
3537,해안가,N,0
3538,방목,N,0
3539,대정읍,N,0
3540,울이,N,0
3541,갈래,N,0
3542,일부,N,0
3543,입장료,N,0
3544,불국사,N,0
3545,명승,N,0
3546,인승,N,0
3547,천장,N,0
3548,지점,N,0
3549,건조,N,0
3550,가파,N,0
3551,대구,N,0
3552,지연,N,0
3553,불상,N,0
3554,돌아오다,V,0
3555,스위트,N,0
3556,국가,N,0
3557,수직,N,0
3558,피사,N,0
3559,떨어지다,V,0
3560,작가,N,0
3561,내려오다,V,0
3562,안내도,N,0
3563,지정,N,0
3564,닦이다,V,0
3565,성하다,V,0
3566,퍼시픽,N,0
3567,부근,N,0
3568,화산,N,0
3569,카멜리아,N,0
3570,내부,N,0
3571,안산암,N,0
3572,전복,N,0
3573,백과사전,N,0
3574,기념탑,N,0
3575,엄선,N,0
3576,살다,V,0
3577,공유,N,0
3578,봉사료,N,0
3579,학습장,N,0
3580,사계리,N,0
3581,성산포,N,0
3582,지대,N,0
3583,흩어지다,V,0
3584,눈물,N,0
3585,평원,N,0
3586,서커스,N,0
3587,바닷가,N,0
3588,경사지다,V,0
3589,해결,N,0
3590,면적,N,0
3591,정상부,N,0
3592,사진,N,0
3593,저지리,N,0
3594,사무실,N,0
3595,박물관,N,0
3596,성읍,N,0
3597,병풍,N,0
3598,자금,N,0
3599,요소,N,0
3600,나무,N,0
3601,공연,N,0
3602,자연환경,N,0
3603,기준,N,0
3604,표류,N,0
3605,지키다,V,0
3606,감성돔,N,0
3607,포대,N,0
3608,내리다,V,0
3609,공주,N,0
3610,한경면,N,0
3611,바꾸,N,0
3612,정의,N,0
3613,아래,N,0
3614,출발,N,0
3615,취침,N,0
3616,앞쪽,N,0
3617,모이다,V,0
3618,주요,N,0
3619,조식,N,0
3620,삼림,N,0
3621,곡예,N,0
3622,테마파크,N,0
3623,단성,N,0
3624,미니어처,N,0
3625,기슭,N,0
3626,조성,N,0
3627,에코랜드,N,0
3628,습기,N,0
3629,민속마을,N,0
3630,중앙,N,0
3631,당시,N,0
3632,형태,N,0
3633,승마,N,0
3634,좌측,N,0
3635,새연교,N,0
3636,자연,N,0
3637,소인국,N,0
3638,이수동,N,0
3639,경치,N,0
3640,토요일,N,0
3641,굴다,V,0
3642,크라운,N,0
3643,삼다,V,0
3644,내역,N,0
3645,산체,N,0
3646,콤비,N,0
3647,대전,N,0
3648,여신,N,2
3649,적다,V,0
3650,건설,N,0
3651,큰형,N,0
3652,초종용,N,0
3653,포진지,N,0
3654,신앙,N,0
3655,산방,N,0
3656,흘리다,V,0
3657,예술,N,2
3658,절벽,N,0
3659,어린이,N,0
3660,개국,N,0
3661,꼽히다,V,0
3662,점보,N,0
3663,서귀포시,N,0
3664,물방울,N,0
3665,개소,N,0
3666,석식,N,0
3667,이악,N,0
3668,숙박,N,0
3669,건축물,N,0
3670,경비,N,0
3671,후회,N,-2
3672,주위,N,0
3673,작품,N,0
3674,돌문,N,0
3675,상모리,N,0
3676,해발고,N,0
3677,이탈리아,N,0
3678,단애,N,0
3679,곰솔,N,0
3680,소수,N,0
3681,부지,N,0
3682,특별기,N,1
3683,숙박비,N,0
3684,일요일,N,0
3685,최상층,N,1
3686,탑승,N,0
3687,선녀,N,2
3688,출처,N,0
3689,중식,N,0
3690,매표소,N,0
3691,예배,N,0
3692,홈페이지,N,0
3693,시가지,N,0
3694,금요일,N,0
3695,안내,N,0
3696,암벽,N,0
3697,일본,N,0
3698,용두암,N,0
3699,오설록,N,0
3700,연계,N,0
3701,언덕,N,0
3702,해식,N,0
3703,기생,N,0
3704,브릿지,N,0
3705,고사,N,0
3706,뷔페,N,0
3707,국제,N,0
3708,센터,N,0
3709,정상,N,0
3710,활용,N,0
3711,암석해안,N,0
3712,돕다,V,0
3713,유리,N,0
3714,삼무,N,0
3715,심하다,V,-1
3716,코끼리,N,0
3717,서광리,N,0
3718,탐방,N,0
3719,국제공항,N,0
3720,문화재청,N,0
3721,평화,N,2
3722,비행장,N,0
3723,포구,N,0
3724,쥬니어,N,0
3725,참호,N,0
3726,제주특별자치도,N,0
3727,편성,N,0
3728,격납고,N,0
3729,꼭대기,N,0
3730,토양,N,0
3731,미도,N,0
3732,중국,N,0
3733,능선,N,0
3734,펜션,N,0
3735,객실,N,0
3736,마치다,V,0
3737,정확,N,2
3738,시야,N,0
3739,택시,N,0
3740,신양리,N,0
3741,힘들다,V,-2
3742,소개,N,0
3743,멋지다,V,2
3744,편안,N,2
3745,첫날,N,0
3746,얻다,V,0
3747,산책,N,0
3748,성수기,N,1
3749,드리다,V,0
3750,마음,N,0
3751,괜찮다,V,2
3752,만족,N,2
3753,뜨다,V,0
3754,여행사,N,0
3755,늦다,V,-1
3756,건물,N,0
3757,주방,N,0
3758,풍경,N,2
3759,동시,N,0
3760,커다랗다,V,1
3761,아침,N,0
3762,둘레길,N,0
3763,창밖,N,0
3764,요금,N,0
3765,인테리어,N,0
3766,안기다,V,0
3767,거실,N,0
3768,되다,V,0
3769,잔디밭,N,0
3770,중간,N,0
3771,누리다,V,2
3772,최소한,N,1
3773,보다,V,0
3774,즐기다,V,2
3775,결정,N,0
3776,없다,V,-2
3777,커플,N,1
3778,알뜰,N,2
3779,따르다,V,0
3780,잠수함,N,0
3781,특성,N,1
3782,식사,N,0
3783,지와,N,0
3784,녹다,V,0
3785,높다,V,0
3786,플라,N,0
3787,이야기,N,0
3788,그동안,N,0
3789,형제,N,0
3790,앞서다,V,0
3791,일자,N,0
3792,알맞다,V,2
3793,신양,N,0
3794,타입,N,0
3795,둘러싸이다,V,0
3796,지역,N,0
3797,선택,N,0
3798,새롭다,V,1
3799,오르다,V,0
3800,같다,V,0
3801,장점,N,2
3802,단점,N,-2
3803,관광,N,2
3804,챙기다,V,0
3805,구하다,V,0
3806,다음,N,0
3807,다녀오다,V,0
3808,곳곳,N,0
3809,표선,N,0
3810,맞다,V,2
3811,도착,N,0
3812,부족,N,-1
3813,스위트룸,N,0
3814,트이다,V,0
3815,솟다,V,0
3816,쪽빛,N,0
3817,절감,N,1
3818,놓다,V,0
3819,느낌,N,0
3820,구성원,N,0
3821,계획,N,0
3822,어우러지다,V,0
3823,그렇다,V,2
3824,옥상,N,0
3825,펼쳐지다,V,0
3826,배려,N,2
3827,취하다,V,0
3828,이동,N,0
3829,부모,N,2
3830,명소,N,0
3831,연휴,N,2
3832,오픈,N,0
3833,만들다,V,0
3834,못하다,V,-2
3835,소규모,N,0
3836,근처,N,0
3837,유명,N,0
3838,감각,N,0
3839,쿠지,N,0
3840,텐데요,N,0
3841,불다,V,0
3842,그러다,V,0
3843,유채,N,0
3844,밤바다,N,0
3845,인기,N,2
3846,일정,N,0
3847,준비,N,0
3848,까지다,V,0
3849,만약,N,0
3850,여유,N,2
3851,오늘,N,0
3852,스파,N,0
3853,그때,N,0
3854,펼치다,V,0
3855,머무다,V,0
3856,남쪽,N,0
3857,침대,N,0
3858,인원,N,0
3859,규모,N,0
3860,선착장,N,0
3861,신나다,V,2
3862,가정,N,0
3863,특징,N,0
3864,부럽다,V,1
3865,바비큐,N,0
3866,감상,N,0
3867,보이다,V,0
3868,이유,N,0
3869,편의,N,1
3870,때문,N,0
3871,모습,N,0
3872,끝자락,N,0
3873,음주,N,0
3874,음식점,N,0
3875,남다,V,0
3876,부부,N,0
3877,분위기,N,0
3878,입실,N,0
3879,지다,V,0
3880,그리다,V,0
3881,취향,N,0
3882,이상일,N,0
3883,귀하다,V,2
3884,마을,N,0
3885,도움,N,0
3886,추억,N,2
3887,쉽다,V,1
3888,성비,N,0
3889,거리,N,0
3890,머무르다,V,0
3891,개인,N,0
3892,아이,N,0
3893,정원,N,0
3894,고생,N,-2
3895,만큼,N,0
3896,발코니,N,0
3897,사장,N,0
3898,통하다,V,0
3899,선호,N,0
3900,기본,N,0
3901,관광지,N,0
3902,지도,N,0
3903,가지,N,0
3904,만끽,N,0
3905,걱정,N,0
3906,자식,N,0
3907,한눈,N,0
3908,걸리다,V,0
3909,그땐,N,0
3910,방산,N,0
3911,썰다,V,0
3912,각각,N,0
3913,주중,N,0
3914,향하다,V,0
3915,최적,N,2
3916,사랑,N,2
3917,동쪽,N,0
3918,항공,N,0
3919,용머리,N,0
3920,날짜,N,0
3921,낯설다,V,-1
3922,비용,N,0
3923,다양,N,2
3924,실내,N,0
3925,호텔,N,0
3926,모시다,V,0
3927,작년,N,0
3928,드다,V,0
3929,편하다,V,2
3930,즐겁다,V,2
3931,비행기,N,0
3932,조건,N,0
3933,경우,N,0
3934,이국,N,0
3935,휴식,N,2
3936,마련,N,0
3937,전망,N,0
3938,바닷속,N,0
3939,주다,V,0
3940,싶다,V,0
3941,찾다,V,0
3942,여행객,N,2
3943,관광단,N,0
3944,머물다,V,0
3945,두다,V,0
3946,공항,N,0
3947,원하다,V,0
3948,전봇대,N,0
3949,이번,N,0
3950,구성,N,0
3951,즐거움,N,2
3952,여행,N,0
3953,제주,N,0
3954,오다,V,0
3955,시간,N,0
3956,성산포항,N,0
3957,책임자,N,0
3958,잡다,V,0
3959,리조트,N,0
3960,저녁,N,0
3961,이왕,N,0
3962,제주시,N,0
3963,휘닉스,N,0
3964,승차,N,0
3965,버스,N,0
3966,한라,N,0
3967,전문점,N,0
3968,관찰,N,0
3969,정도,N,0
3970,참돔,N,0
3971,본연,N,0
3972,올인,N,0
3973,낚시,N,0
3974,연동,N,0
3975,애월읍,N,0
3976,대부분,N,0
3977,가격,N,0
3978,갖다,V,0
3979,유람선,N,0
3980,체험,N,0
3981,최고,N,2
3982,인근,N,0
3983,하우스,N,0
3984,가다,V,0
3985,경험,N,0
3986,마다,V,0
3987,모두,N,0
3988,자라다,V,0
3989,그리드,N,0
3990,비게,N,0
3991,자장면,N,0
3992,삼성,N,0
3993,스마트,N,0
3994,중문,N,0
3995,말고기,N,0
3996,누리,N,0
3997,자연산,N,0
3998,방어회,N,0
3999,문의,N,0
4000,대하다,V,0
4001,해물탕,N,0
4002,오조리,N,0
4003,학관,N,0
4004,바위,N,0
4005,사계,N,0
4006,경쟁력,N,0
4007,청정,N,2
4008,벵에돔,N,0
4009,범섬,N,0
4010,바라보다,V,0
4011,먹다,V,0
4012,목요일,N,0
4013,형제섬,N,0
4014,검색,N,0
4015,아쿠아,N,0
4016,올레,N,0
4017,해지다,V,0
4018,도로,N,0
4019,날씨,N,0
4020,가브리,N,0
4021,구좌읍,N,0
4022,임대,N,0
4023,맛있다,V,2
4024,성게,N,0
4025,일주,N,0
4026,입다,V,0
4027,숯구이,N,0
4028,돼지고기,N,0
4029,전복죽,N,0
4030,아름답다,V,2
4031,자리,N,0
4032,서울,N,0
4033,추천,N,2
4034,횡단도,N,0
4035,한라산,N,0
4036,가깝다,V,1
4037,위하다,V,0
4038,애월리,N,0
4039,공원,N,0
4040,근무,N,0
4041,별빛,N,0
4042,않다,V,-2
4043,동안,N,0
4044,조명,N,0
4045,세계,N,0
4046,보관,N,0
4047,발전,N,2
4048,일출봉,N,0
4049,타다,V,0
4050,모슬,N,0
4051,모슬포,N,0
4052,대학교,N,0
4053,운치,N,1
4054,바람,N,0
4055,구경,N,0
4056,국물,N,0
4057,행성,N,0
4058,알차다,V,2
4059,아일랜드,N,0
4060,맛보다,V,0
4061,비싸다,V,-1
4062,하다,V,0
4063,이용,N,0
4064,접시,N,0
4065,성당,N,0
4066,마라도,N,0
4067,개관,N,0
4068,위치,N,0
4069,목성,N,0
4070,제주도,N,0
4071,양념,N,0
4072,노형,N,0
4073,적극,N,1
4074,사시미,N,0
4075,이다,V,0
4076,섭지코지,N,0
4077,좋다,V,2
4078,추전,N,0
4079,단장,N,0
4080,파다,V,0
4081,샤브샤브,N,0
4082,송악,N,0
4083,고기,N,0
4084,등정,N,0
4085,보내다,V,0
4086,채담,N,0
4087,통제,N,-1
4088,시설,N,0
4089,구이,N,0
4090,국내,N,0
4091,예약,N,0
4092,여객선,N,0
4093,와이프,N,0
4094,송악산,N,0
4095,시내,N,0
4096,횟집,N,0
4097,금호,N,0
4098,최근,N,0
4099,가족,N,0
4100,입장,N,0
4101,최대,N,2
4102,부시리,N,0
4103,풍력,N,0
4104,무렵,N,0
4105,먹거리,N,0
4106,해안,N,0
4107,본점,N,0
4108,행원리,N,0
4109,해녀,N,0
4110,해물,N,0
4111,생태,N,0
4112,숙소,N,0
4113,참고,N,0
4114,노형동,N,0
4115,많다,V,2
4116,오분자기,N,0
4117,수동,N,0
4118,생각,N,0
4119,산호,N,0
4120,승용차,N,0
4121,소요,N,0
4122,항정살,N,0
4123,코엑스,N,0
4124,관광용,N,2
4125,구엄리,N,0
4126,서귀포,N,0
4127,정기,N,0
4128,오름,N,0
4129,크다,V,0
4130,야간,N,0
4131,팔다,V,0
4132,항구,N,0
4133,대학,N,0
4134,성산읍,N,0
4135,도두항,N,0
4136,환상,N,2
4137,편리,N,2
4138,들어가다,V,0
4139,곱다,V,2
4140,모슬포항,N,0
4141,입구,N,0
4142,우도,N,0
4143,겨울철,N,0
4144,야채,N,0
4145,가파도,N,0
4146,해양,N,0
4147,성산,N,0
4148,별자리,N,0
4149,개방,N,0
4150,해변,N,0
4151,포호,N,0
4152,수족관,N,0
4153,갖추다,V,1
4154,있다,V,0
4155,특화,N,2
4156,식당,N,0
4157,경관,N,2
4158,드넓다,V,2
4159,여수,N,0
4160,골프클럽,N,0
4161,동양,N,0
4162,눈꽃,N,0
4163,바다,N,0
4164,산방산,N,0
4165,느끼다,V,0
4166,걷다,V,0
4167,고요,N,1
4168,겨울,N,0
4169,코스,N,0
4170,사라,N,0
4171,주변,N,0
4172,차량,N,0
4173,돼지,N,0
4174,가능,N,1
4175,중턱,N,0
